case ID,utterance ID,resource,new
Books:45:109:118,1,S,R
Books:45:109:118,2,U,Q
Books:45:109:118,3,S,R
Books:45:109:118,4,U,Q
Books:45:109:118,5,S,R
Books:45:109:118,6,S,R
Books:45:109:118,7,U,Q
Books:45:109:118,8,S,A
Books:45:109:118,9,S,A
Books:45:109:118,10,U,Q
Books:45:109:118,11,U,F+Q
Books:45:109:118,12,S,R+A
Books:45:109:118,13,U,
Books:45:109:118,14,S,R+A
Books:45:109:118,15,U,Q
Books:45:109:118,16,S,A
Books:45:109:118,17,U,Q
Books:45:109:118,18,S,A
Books:45:109:118,19,U,F
Books:45:109:118,20,S,R
Books:45:109:118,21,U,
Books:45:109:118,22,U,F
Books:45:109:118,23,S,R
Books:45:109:118,24,S,A
Books:45:109:118,25,U,F+Q
Books:45:109:118,26,U,
Books:45:109:118,27,S,
Books:45:109:118,28,S,A
Books:45:109:118,29,U,F
Books:45:109:118,30,U,F
Books:45:109:118,31,U,F+Q
Books:45:109:118,32,S,R
Books:45:109:118,33,U,F+Q
Books:45:109:144,1,S,R
Books:45:109:144,2,U,Q
Books:45:109:144,3,S,R
Books:45:109:144,4,S,R
Books:45:109:144,5,U,Q
Books:45:109:144,6,S,R
Books:45:109:144,7,U,
Books:45:109:144,8,S,A
Books:45:109:144,9,S,A
Books:45:109:144,10,U,Q
Books:45:109:144,11,S,A
Books:45:109:144,12,S,A
Books:45:109:144,13,U,Q
Books:45:109:144,14,S,A
Books:45:109:144,15,U,Q
Books:45:109:144,16,S,A
Books:45:109:144,17,U,
Books:45:109:144,18,S,A
Books:45:109:144,19,U,Q
Books:45:109:144,20,S,A
Books:45:109:144,21,S,A
Books:45:109:144,22,U,Q
Books:45:109:144,23,U,Q
Books:45:109:144,24,S,R
Books:45:109:144,25,S,R
Books:45:109:144,26,U,Q
Books:45:109:144,27,S,A
Books:45:109:144,28,U,Q
Books:45:109:144,29,S,A
Books:45:109:144,30,U,F+Q
Books:45:109:144,31,S,R
Books:45:109:144,32,U,Q
Books:45:109:144,33,S,R
Books:45:109:144,34,U,Q
Books:45:109:145,1,S,R
Books:45:109:145,2,U,Q
Books:45:109:145,3,S,R+A
Books:45:109:145,4,U,F+Q
Books:45:109:145,5,S,R
Books:45:109:145,6,U,Q
Books:45:109:145,7,S,A
Books:45:109:145,8,S,R+A
Books:45:109:145,9,U,Q
Books:45:109:145,10,S,A
Books:45:109:145,11,S,A
Books:45:109:145,12,S,A
Books:45:109:145,13,U,Q
Books:45:109:145,14,S,A
Books:45:109:145,15,S,R+A
Books:45:109:145,16,U,Q
Books:45:109:145,17,S,A
Books:45:109:145,18,U,Q
Books:45:109:145,19,S,A
Books:45:109:145,20,S,R+A
Books:45:109:145,21,U,Q
Books:45:109:145,22,U,
Books:45:109:145,23,S,R+A
Books:45:109:145,24,U,
Books:45:109:145,25,S,A
Books:45:109:145,26,U,Q
Books:45:109:145,27,S,A
Books:45:109:145,28,U,F+Q
Books:45:109:145,29,S,R
Books:45:109:145,30,U,Q
Books:45:109:145,31,S,R+A
Books:45:109:145,32,S,R
Books:45:109:145,33,U,F+Q
Books:45:109:145,34,U,Q
Books:45:109:145,35,S,R+A
Books:45:109:145,36,S,R
Books:45:109:145,37,U,Q
Books:45:109:145,38,U,F+Q
Books:45:115:118,1,U,Q
Books:45:115:118,2,S,R
Books:45:115:118,3,U,F
Books:45:115:118,4,S,A
Books:45:115:118,5,U,Q
Books:45:115:118,6,U,F+Q
Books:45:115:118,7,S,R+A
Books:45:115:118,8,U,Q
Books:45:115:118,9,U,Q
Books:45:115:118,10,U,F+Q
Books:45:115:118,11,S,R+A
Books:45:115:118,12,S,R
Books:45:115:118,13,U,Q
Books:45:115:118,14,U,Q
Books:45:115:118,15,U,F
Books:45:115:118,16,U,Q
Books:45:115:118,17,S,R+A
Books:45:115:118,18,U,Q
Books:45:115:118,19,U,Q
Books:45:115:118,20,S,
Books:45:115:118,21,U,Q
Books:45:115:118,22,S,A
Books:45:115:118,23,U,Q
Books:45:115:118,24,U,Q
Books:45:115:118,25,S,A
Books:45:115:118,26,S,A
Books:45:115:118,27,U,Q
Books:45:115:118,28,S,R+A
Books:45:115:118,29,U,Q
Books:45:115:118,30,S,A
Books:45:115:118,31,U,Q
Books:45:115:118,32,S,R+A
Books:45:115:118,33,U,Q
Books:45:115:118,34,U,Q
Books:45:115:118,35,S,A
Books:45:115:118,36,U,Q
Books:45:115:118,37,U,Q
Books:45:115:118,38,S,A
Books:45:115:118,39,U,Q
Books:45:115:118,40,U,Q
Books:45:115:118,41,S,A
Books:45:115:118,42,U,Q
Books:45:115:118,43,U,F
Books:45:115:118,44,U,F
Books:45:115:118,45,S,A
Books:45:115:118,46,U,
Books:45:115:118,47,S,A
Books:45:115:118,48,U,
Books:45:115:118,49,S,A
Books:45:115:118,50,S,A
Books:45:115:118,51,U,F+Q
Books:45:115:118,52,U,F+Q
Books:45:115:118,53,U,Q
Books:45:115:118,54,U,Q
Books:45:115:118,55,S,R
Books:45:115:118,56,U,Q
Books:45:115:118,57,U,Q
Books:45:115:118,58,S,R
Books:46:109:127,1,S,R
Books:46:109:127,2,U,Q
Books:46:109:127,3,S,A
Books:46:109:127,4,S,A
Books:46:109:127,5,S,
Books:46:109:127,6,U,Q
Books:46:109:127,7,S,A
Books:46:109:127,8,S,R
Books:46:109:127,9,U,
Books:46:109:127,10,S,A
Books:46:109:127,11,S,A
Books:46:109:127,12,U,Q
Books:46:109:132,1,S,R
Books:46:109:132,2,U,Q
Books:46:109:132,3,S,A
Books:46:109:132,4,S,R+A
Books:46:109:132,5,S,R+A
Books:46:109:132,6,U,Q
Books:46:109:132,7,U,Q
Books:46:109:132,8,S,A
Books:46:109:132,9,U,Q
Books:46:109:132,10,S,R
Books:46:109:132,11,U,Q
Books:46:109:132,12,U,Q
Books:46:109:132,13,S,A
Books:46:109:132,14,S,A
Books:46:109:132,15,U,Q
Books:46:109:132,16,S,A
Books:46:109:132,17,U,Q
Books:46:109:132,18,S,R+A
Books:46:109:132,19,S,R
Books:46:109:132,20,U,F+Q
Books:46:109:132,21,U,F+Q
Books:46:109:132,22,U,F
Books:46:109:132,23,U,F+Q
Books:46:109:132,24,S,R+A
Books:46:109:132,25,S,R+A
Books:46:109:132,26,U,Q
Books:46:109:132,27,U,F+Q
Books:46:109:132,28,U,Q
Books:46:109:132,29,S,R+A
Books:46:109:132,30,S,A
Books:46:109:132,31,U,F+Q
Books:46:109:132,32,U,Q
Books:46:109:132,33,S,R+A
Books:46:110:120,1,U,Q
Books:46:110:120,2,S,R
Books:46:110:120,3,S,R
Books:46:110:120,4,U,Q
Books:46:110:120,5,S,R+A
Books:46:110:120,6,U,Q
Books:46:110:120,7,S,R
Books:46:110:120,8,U,Q
Books:46:110:120,9,U,Q
Books:46:110:120,10,S,R+A
Books:46:110:120,11,S,A
Books:46:110:120,12,S,R+A
Books:46:110:120,13,U,F+Q
Books:46:110:120,14,U,F+Q
Books:46:110:120,15,S,R+A
Books:46:110:120,16,S,R+A
Books:46:110:120,17,U,F+Q
Books:46:110:120,18,S,R+A
Books:46:110:120,19,S,A
Books:46:110:120,20,U,F+Q
Books:46:110:120,21,S,R+A
Books:46:110:120,22,U,Q
Books:46:110:120,23,S,A
Books:46:110:120,24,S,R+A
Books:46:110:120,25,U,F+Q
Books:46:110:120,26,U,Q
Books:46:110:120,27,S,R
Books:46:110:120,28,S,A
Books:46:110:120,29,U,Q
Books:46:110:120,30,S,A
Books:46:110:120,31,S,A
Books:46:110:120,32,U,F+Q
Books:46:110:120,33,S,R
Books:46:110:120,34,S,R+A
Books:46:110:120,35,S,R+A
Books:46:110:120,36,S,R+A
Books:46:110:120,37,U,F+Q
Books:46:110:120,38,U,F+Q
Books:46:110:120,39,S,R+A
Books:46:110:120,40,S,R+A
Books:46:110:120,41,U,F+Q
Books:46:110:120,42,U,F+Q
Books:46:110:120,43,S,A
Books:46:110:120,44,U,Q
Books:46:110:120,45,S,R
Books:46:110:120,46,S,A
Books:46:110:120,47,S,A
Books:46:110:120,48,U,F+Q
Books:46:110:120,49,S,R+A
Books:46:110:120,50,U,Q
Books:46:110:120,51,U,F+Q
Books:46:110:120,52,S,A
Books:46:110:120,53,S,R+A
Books:46:110:120,54,S,R+A
Books:46:110:120,55,U,F+Q
Books:46:110:120,56,S,R+A
Books:46:110:120,57,U,F+Q
Books:46:110:120,58,U,Q
Books:46:110:120,59,S,R+A
Books:46:115:121,1,U,Q
Books:46:115:121,2,S,R
Books:46:115:121,3,U,Q
Books:46:115:121,4,U,F
Books:46:115:121,5,S,
Books:46:115:121,6,S,R
Books:46:115:121,7,S,R
Books:46:115:121,8,U,Q
Books:46:115:121,9,S,R
Books:46:115:121,10,U,F+Q
Books:46:115:121,11,S,
Books:46:115:121,12,S,A
Books:46:115:121,13,U,Q
Books:46:115:121,14,S,A
Books:46:115:121,15,U,Q
Books:46:115:121,16,S,A
Books:46:115:121,17,S,
Books:46:115:121,18,S,
Books:46:115:121,19,U,Q
Books:46:115:121,20,U,Q
Books:46:115:121,21,S,A
Books:46:134:133,1,U,Q
Books:46:134:133,2,U,Q
Books:46:134:133,3,U,
Books:46:134:133,4,S,R
Books:46:134:133,5,U,Q
Books:46:134:133,6,U,Q
Books:46:134:133,7,U,F
Books:46:134:133,8,S,R
Books:46:134:133,9,U,Q
Books:46:134:133,10,U,Q
Books:46:134:133,11,S,A
Books:46:134:133,12,S,
Books:46:134:133,13,S,R
Books:46:134:133,14,U,F
Books:46:134:133,15,U,Q
Books:46:134:133,16,S,A
Books:46:134:133,17,U,F+Q
Books:46:134:133,18,S,R+A
Books:46:134:133,19,U,Q
Books:46:134:133,20,U,Q
Books:46:134:133,21,U,Q
Books:46:69:108,1,U,Q
Books:46:69:108,2,S,R
Books:46:69:108,3,U,F+Q
Books:46:69:108,4,U,
Books:46:69:108,5,S,R
Books:46:69:108,6,U,
Books:46:69:108,7,U,Q
Books:46:69:108,8,U,Q
Books:46:69:108,9,S,R
Books:46:69:108,10,U,Q
Books:46:69:108,11,S,R+A
Books:46:69:108,12,U,F+Q
Books:46:69:108,13,S,R
Books:46:69:108,14,U,F+Q
Books:46:69:108,15,S,
Books:46:69:108,16,U,Q
Books:46:69:108,17,U,Q
Books:46:69:108,18,S,A
Books:46:69:108,19,U,F+Q
Books:46:69:108,20,U,F
Books:46:69:108,21,U,F
Books:46:69:108,22,S,R+A
Books:46:69:108,23,S,A
Books:46:69:108,24,U,Q
Books:46:69:108,25,S,R+A
Books:46:69:108,26,U,
Books:46:69:108,27,S,A
Books:46:69:108,28,U,
Books:46:69:108,29,U,
Books:46:69:108,30,S,R+A
Books:46:69:108,31,S,A
Books:46:69:108,32,U,
Books:46:69:108,33,U,Q
Books:46:69:108,34,S,A
Books:46:69:108,35,S,A
Books:46:69:108,36,U,Q
Books:46:69:108,37,S,R+A
Books:46:69:108,38,U,Q
Books:46:69:108,39,S,A
Books:46:69:108,40,S,R
Books:46:69:108,41,U,F+Q
Books:46:69:108,42,U,
Books:46:69:108,43,S,A
Books:46:69:108,44,U,F
Books:46:69:108,45,S,A
Books:46:69:108,46,U,Q
Books:46:69:108,47,S,R+A
Books:49:102:101,1,U,Q
Books:49:102:101,2,U,Q
Books:49:102:101,3,S,R
Books:49:102:101,4,S,R
Books:49:102:101,5,U,Q
Books:49:102:101,6,S,R
Books:49:102:101,7,S,R
Books:49:102:101,8,U,Q
Books:49:102:101,9,S,R
Books:49:102:101,10,U,Q
Books:49:102:101,11,S,R
Books:49:102:101,12,U,F
Books:49:102:101,13,U,F+Q
Books:49:102:101,14,U,F+Q
Books:49:102:101,15,S,R+A
Books:49:102:101,16,U,F+Q
Books:49:102:101,17,S,
Books:49:102:101,18,U,Q
Books:49:102:101,19,U,Q
Books:49:102:101,20,S,R
Books:49:102:101,21,U,F+Q
Books:49:115:118,1,U,Q
Books:49:115:118,2,S,R
Books:49:115:118,3,S,R
Books:49:115:118,4,U,Q
Books:49:115:118,5,U,Q
Books:49:115:118,6,U,Q
Books:49:115:118,7,S,R+A
Books:49:115:118,8,S,R+A
Books:49:115:118,9,U,Q
Books:49:115:118,10,S,A
Books:49:115:118,11,U,F+Q
Books:49:115:118,12,U,Q
Books:49:115:118,13,U,Q
Books:49:115:118,14,S,R
Books:49:115:118,15,U,
Books:49:115:118,16,S,R
Books:49:115:118,17,S,R
Books:49:115:118,18,U,
Books:49:115:118,19,U,Q
Books:49:115:118,20,S,A
Books:49:115:118,21,S,R
Books:49:115:118,22,U,Q
Books:49:115:118,23,U,Q
Books:49:115:118,24,S,A
Books:49:115:118,25,S,A
Books:49:115:118,26,S,R+A
Books:49:115:118,27,U,F+Q
Books:49:115:118,28,S,R
Books:49:115:118,29,U,Q
Books:49:115:118,30,U,
Books:49:115:118,31,U,Q
Books:49:115:118,32,S,A
Books:49:115:118,33,U,Q
Books:49:115:118,34,U,Q
Books:49:115:118,35,U,Q
Books:49:115:118,36,S,R
Books:49:115:118,37,U,Q
Books:49:115:118,38,U,F
Books:49:115:118,39,U,Q
Books:49:115:118,40,S,
Books:49:115:118,41,U,Q
Books:49:115:118,42,S,R
Books:49:115:118,43,S,R+A
Books:49:115:118,44,U,Q
Books:49:115:118,45,U,Q
Books:49:115:118,46,S,A
Books:49:115:118,47,U,F
Books:49:115:118,48,S,
Books:49:115:118,49,U,F+Q
Books:49:115:118,50,S,R
Books:49:115:118,51,U,Q
Books:49:115:118,52,S,
Books:49:115:118,53,U,
Books:49:115:118,54,U,F+Q
Books:49:115:118,55,S,R
Books:49:115:118,56,U,Q
Books:49:115:118,57,S,R
Books:49:115:121,1,U,Q
Books:49:115:121,2,S,R
Books:49:115:121,3,U,Q
Books:49:115:121,4,U,Q
Books:49:115:121,5,S,R
Books:49:115:121,6,U,Q
Books:49:115:121,7,U,F+Q
Books:49:115:121,8,S,A
Books:49:115:121,9,S,A
Books:49:115:121,10,U,Q
Books:49:115:121,11,U,Q
Books:49:115:121,12,U,Q
Books:49:115:121,13,S,A
Books:49:115:121,14,S,A
Books:49:115:121,15,S,A
Books:49:115:121,16,U,Q
Books:49:115:121,17,U,Q
Books:49:115:121,18,U,Q
Books:49:115:121,19,S,A
Books:49:115:121,20,S,A
Books:49:115:121,21,U,Q
Books:49:115:121,22,S,A
Books:49:115:121,23,S,R
Books:49:115:121,24,S,A
Books:49:115:121,25,U,Q
Books:49:115:121,26,S,A
Books:69:72,1,S,R
Books:69:72,2,U,Q
Books:69:72,3,S,R
Books:69:72,4,U,Q
Books:69:72,5,S,
Books:69:72,6,U,F+Q
Books:69:72,7,S,R
Books:69:72,8,S,R+A
Books:69:72,9,U,Q
Books:69:72,10,S,A
Books:69:72,11,U,Q
Books:69:72,12,S,R+A
Books:69:72,13,S,R
Books:69:72,14,U,Q
Books:69:72,15,U,Q
Books:69:72,16,S,R
Books:69:72,17,S,A
Books:69:72,18,U,Q
Books:69:72,19,S,
Books:69:72,20,S,R
Books:69:72,21,U,Q
Books:69:72,22,U,Q
Cellphones&Accessories:45:111:118,1,S,R
Cellphones&Accessories:45:111:118,2,U,Q
Cellphones&Accessories:45:111:118,3,S,R+A
Cellphones&Accessories:45:111:118,4,U,
Cellphones&Accessories:45:111:118,5,U,
Cellphones&Accessories:45:111:118,6,S,A
Cellphones&Accessories:45:111:118,7,U,
Cellphones&Accessories:45:111:118,8,S,
Cellphones&Accessories:45:111:118,9,U,F
Cellphones&Accessories:45:111:118,10,S,R
Cellphones&Accessories:45:111:118,11,U,
Cellphones&Accessories:45:111:118,12,S,R+A
Cellphones&Accessories:45:111:118,13,U,Q
Cellphones&Accessories:45:111:118,14,U,
Cellphones&Accessories:45:111:118,15,U,
Cellphones&Accessories:45:111:118,16,S,R+A
Cellphones&Accessories:45:111:118,17,U,Q
Cellphones&Accessories:45:111:118,18,S,
Cellphones&Accessories:45:111:118,19,S,R+A
Cellphones&Accessories:45:111:118,20,U,Q
Cellphones&Accessories:45:111:118,21,S,R+A
Cellphones&Accessories:45:111:118,22,U,Q
Cellphones&Accessories:45:111:118,23,S,R+A
Cellphones&Accessories:45:111:118,24,U,Q
Cellphones&Accessories:45:111:118,25,S,
Cellphones&Accessories:45:111:118,26,U,
Cellphones&Accessories:45:111:118,27,S,R+A
Cellphones&Accessories:45:111:118,28,U,
Cellphones&Accessories:45:111:118,29,S,R+A
Cellphones&Accessories:45:111:118,30,U,
Cellphones&Accessories:45:111:118,31,U,Q
Cellphones&Accessories:45:111:118,32,S,R+A
Cellphones&Accessories:45:111:118,33,U,F
Cellphones&Accessories:45:111:118,34,S,A
Cellphones&Accessories:45:111:118,35,U,F+Q
Cellphones&Accessories:45:111:118,36,S,R
Cellphones&Accessories:45:111:118,37,U,Q
Cellphones&Accessories:45:111:118,38,U,Q
Cellphones&Accessories:45:111:118,39,U,Q
Cellphones&Accessories:45:111:120,1,U,Q
Cellphones&Accessories:45:111:120,2,S,R+A
Cellphones&Accessories:45:111:120,3,U,F+Q
Cellphones&Accessories:45:111:120,4,U,F+Q
Cellphones&Accessories:45:111:120,5,U,Q
Cellphones&Accessories:45:111:120,6,S,R
Cellphones&Accessories:45:111:120,7,U,F
Cellphones&Accessories:45:111:120,8,U,Q
Cellphones&Accessories:45:111:120,9,U,F
Cellphones&Accessories:45:111:120,10,U,
Cellphones&Accessories:45:111:120,11,S,R+A
Cellphones&Accessories:45:111:120,12,S,R+A
Cellphones&Accessories:45:111:120,13,U,F+Q
Cellphones&Accessories:45:111:120,14,S,R
Cellphones&Accessories:45:111:120,15,U,F+Q
Cellphones&Accessories:45:111:120,16,S,A
Cellphones&Accessories:45:111:120,17,U,F
Cellphones&Accessories:45:111:120,18,S,A
Cellphones&Accessories:45:111:120,19,U,Q
Cellphones&Accessories:45:111:120,20,S,R+A
Cellphones&Accessories:45:111:120,21,U,F+Q
Cellphones&Accessories:45:111:120,22,U,F+Q
Cellphones&Accessories:45:111:120,23,U,F+Q
Cellphones&Accessories:45:111:120,24,U,F+Q
Cellphones&Accessories:45:111:120,25,S,R+A
Cellphones&Accessories:45:129:127,1,U,Q
Cellphones&Accessories:45:129:127,2,S,R
Cellphones&Accessories:45:129:127,3,S,
Cellphones&Accessories:45:129:127,4,S,A
Cellphones&Accessories:45:129:127,5,S,A
Cellphones&Accessories:45:129:127,6,S,A
Cellphones&Accessories:45:129:127,7,S,R
Cellphones&Accessories:45:129:127,8,U,Q
Cellphones&Accessories:45:129:127,9,S,A
Cellphones&Accessories:45:129:127,10,U,Q
Cellphones&Accessories:45:129:127,11,S,A
Cellphones&Accessories:45:129:127,12,U,Q
Cellphones&Accessories:45:129:127,13,S,R
Cellphones&Accessories:45:137:138,1,U,Q
Cellphones&Accessories:45:137:138,2,S,R
Cellphones&Accessories:45:137:138,3,U,Q
Cellphones&Accessories:45:137:138,4,S,R
Cellphones&Accessories:45:137:138,5,U,Q
Cellphones&Accessories:45:137:138,6,S,R
Cellphones&Accessories:45:137:138,7,U,F
Cellphones&Accessories:45:137:138,8,S,A
Cellphones&Accessories:45:137:138,9,U,Q
Cellphones&Accessories:45:137:138,10,U,F
Cellphones&Accessories:45:137:138,11,S,A
Cellphones&Accessories:45:137:138,12,U,F
Cellphones&Accessories:45:137:138,13,U,Q
Cellphones&Accessories:45:137:138,14,S,A
Cellphones&Accessories:45:137:138,15,U,Q
Cellphones&Accessories:45:137:138,16,S,A
Cellphones&Accessories:45:137:138,17,S,
Cellphones&Accessories:45:137:138,18,U,F
Cellphones&Accessories:45:137:138,19,U,Q
Cellphones&Accessories:45:137:138,20,S,A
Cellphones&Accessories:45:137:138,21,S,R
Cellphones&Accessories:45:137:138,22,U,F
Cellphones&Accessories:45:137:138,23,U,Q
Cellphones&Accessories:45:137:138,24,U,F
Cellphones&Accessories:45:137:138,25,S,A
Cellphones&Accessories:45:137:138,26,U,Q
Cellphones&Accessories:45:137:138,27,U,Q
Cellphones&Accessories:45:137:138,28,S,A
Cellphones&Accessories:45:137:138,29,U,
Cellphones&Accessories:46:112:117,1,U,Q
Cellphones&Accessories:46:112:117,2,S,R
Cellphones&Accessories:46:112:117,3,U,Q
Cellphones&Accessories:46:112:117,4,S,R
Cellphones&Accessories:46:112:117,5,S,R
Cellphones&Accessories:46:112:117,6,U,Q
Cellphones&Accessories:46:112:117,7,S,R
Cellphones&Accessories:46:112:117,8,U,F+Q
Cellphones&Accessories:46:112:117,9,U,F
Cellphones&Accessories:46:112:117,10,S,R
Cellphones&Accessories:46:112:117,11,U,F
Cellphones&Accessories:46:112:117,12,S,A
Cellphones&Accessories:46:112:117,13,S,A
Cellphones&Accessories:46:112:117,14,U,Q
Cellphones&Accessories:46:112:117,15,S,A
Cellphones&Accessories:46:112:117,16,U,Q
Cellphones&Accessories:46:112:117,17,S,A
Cellphones&Accessories:46:112:117,18,U,Q
Cellphones&Accessories:46:112:117,19,S,A
Cellphones&Accessories:46:112:117,20,U,Q
Cellphones&Accessories:46:112:117,21,S,A
Cellphones&Accessories:46:112:117,22,U,Q
Cellphones&Accessories:46:112:117,23,S,A
Cellphones&Accessories:46:112:117,24,S,A
Cellphones&Accessories:46:112:117,25,U,Q
Cellphones&Accessories:46:112:117,26,U,F+Q
Cellphones&Accessories:46:112:117,27,U,Q
Cellphones&Accessories:46:112:117,28,S,A
Cellphones&Accessories:46:112:117,29,U,Q
Cellphones&Accessories:46:112:117,30,S,A
Cellphones&Accessories:46:112:117,31,U,Q
Cellphones&Accessories:46:112:117,32,S,A
Cellphones&Accessories:46:112:117,33,U,F+Q
Cellphones&Accessories:46:112:117,34,U,Q
Cellphones&Accessories:46:112:117,35,S,R+A
Cellphones&Accessories:46:112:117,36,U,F
Cellphones&Accessories:46:112:117,37,S,R
Cellphones&Accessories:46:112:117,38,U,Q
Cellphones&Accessories:46:112:117,39,S,A
Cellphones&Accessories:46:112:117,40,U,F
Cellphones&Accessories:46:112:117,41,U,Q
Cellphones&Accessories:46:112:117,42,U,F+Q
Cellphones&Accessories:46:112:117,43,U,Q
Cellphones&Accessories:46:124:120,1,U,Q
Cellphones&Accessories:46:124:120,2,U,Q
Cellphones&Accessories:46:124:120,3,S,R
Cellphones&Accessories:46:124:120,4,U,
Cellphones&Accessories:46:124:120,5,U,F+Q
Cellphones&Accessories:46:124:120,6,U,F+Q
Cellphones&Accessories:46:124:120,7,S,R+A
Cellphones&Accessories:46:124:120,8,S,R+A
Cellphones&Accessories:46:124:120,9,U,F+Q
Cellphones&Accessories:46:124:120,10,S,A
Cellphones&Accessories:46:124:120,11,U,Q
Cellphones&Accessories:46:124:120,12,U,Q
Cellphones&Accessories:46:124:120,13,U,F
Cellphones&Accessories:46:124:120,14,S,R+A
Cellphones&Accessories:46:124:120,15,S,A
Cellphones&Accessories:46:124:120,16,U,F+Q
Cellphones&Accessories:46:124:120,17,U,F+Q
Cellphones&Accessories:46:124:120,18,S,R+A
Cellphones&Accessories:46:124:120,19,U,Q
Cellphones&Accessories:46:124:120,20,S,R+A
Cellphones&Accessories:46:124:120,21,U,F+Q
Cellphones&Accessories:46:124:120,22,U,Q
Cellphones&Accessories:46:124:120,23,S,R
Cellphones&Accessories:46:124:120,24,U,Q
Cellphones&Accessories:46:124:120,25,U,F+Q
Cellphones&Accessories:46:124:120,26,S,R
Cellphones&Accessories:46:124:120,27,U,Q
Cellphones&Accessories:46:129:130,1,U,Q
Cellphones&Accessories:46:129:130,2,S,R+A
Cellphones&Accessories:46:129:130,3,U,
Cellphones&Accessories:46:129:130,4,S,A
Cellphones&Accessories:46:129:130,5,S,A
Cellphones&Accessories:46:129:130,6,U,Q
Cellphones&Accessories:46:129:130,7,S,R+A
Cellphones&Accessories:46:129:130,8,S,A
Cellphones&Accessories:46:129:130,9,U,F+Q
Cellphones&Accessories:46:129:130,10,S,A
Cellphones&Accessories:46:129:130,11,U,Q
Cellphones&Accessories:46:129:130,12,S,A
Cellphones&Accessories:46:129:130,13,S,R
Cellphones&Accessories:46:129:130,14,U,Q
Cellphones&Accessories:46:129:130,15,S,A
Cellphones&Accessories:46:129:130,16,U,Q
Cellphones&Accessories:46:129:132,1,U,Q
Cellphones&Accessories:46:129:132,2,S,R
Cellphones&Accessories:46:129:132,3,S,R
Cellphones&Accessories:46:129:132,4,S,R
Cellphones&Accessories:46:129:132,5,U,Q
Cellphones&Accessories:46:129:132,6,U,Q
Cellphones&Accessories:46:129:132,7,S,A
Cellphones&Accessories:46:129:132,8,S,R+A
Cellphones&Accessories:46:129:132,9,U,Q
Cellphones&Accessories:46:129:132,10,S,R+A
Cellphones&Accessories:46:129:132,11,U,Q
Cellphones&Accessories:46:129:132,12,S,R+A
Cellphones&Accessories:46:129:132,13,S,A
Cellphones&Accessories:46:129:132,14,U,Q
Cellphones&Accessories:46:129:132,15,U,F
Cellphones&Accessories:46:129:132,16,S,A
Cellphones&Accessories:46:129:132,17,S,R
Cellphones&Accessories:46:129:132,18,U,Q
Cellphones&Accessories:46:129:132,19,S,A
Cellphones&Accessories:46:129:132,20,U,Q
Cellphones&Accessories:46:129:132,21,S,A
Cellphones&Accessories:46:129:132,22,U,Q
Cellphones&Accessories:46:129:132,23,S,A
Cellphones&Accessories:46:129:132,24,U,Q
Cellphones&Accessories:46:129:132,25,U,F+Q
Cellphones&Accessories:46:129:132,26,S,A
Cellphones&Accessories:46:129:132,27,S,A
Cellphones&Accessories:46:129:132,28,S,A
Cellphones&Accessories:46:129:132,29,U,Q
Cellphones&Accessories:46:129:132,30,U,F+Q
Cellphones&Accessories:46:129:132,31,S,R
Cellphones&Accessories:46:129:132,32,U,Q
Cellphones&Accessories:46:129:132,33,S,R+A
Cellphones&Accessories:46:129:132,34,U,F+Q
Cellphones&Accessories:46:129:132,35,U,Q
Cellphones&Accessories:46:129:132,36,S,R+A
Cellphones&Accessories:46:137:139,1,U,Q
Cellphones&Accessories:46:137:139,2,U,Q
Cellphones&Accessories:46:137:139,3,S,R
Cellphones&Accessories:46:137:139,4,S,R
Cellphones&Accessories:46:137:139,5,U,Q
Cellphones&Accessories:46:137:139,6,U,F+Q
Cellphones&Accessories:46:137:139,7,U,Q
Cellphones&Accessories:46:137:139,8,S,R
Cellphones&Accessories:46:137:139,9,S,A
Cellphones&Accessories:46:137:139,10,S,R+A
Cellphones&Accessories:46:137:139,11,U,
Cellphones&Accessories:46:137:139,12,S,A
Cellphones&Accessories:46:137:139,13,S,A
Cellphones&Accessories:46:137:139,14,S,A
Cellphones&Accessories:46:137:139,15,U,
Cellphones&Accessories:46:137:139,16,U,Q
Cellphones&Accessories:46:137:139,17,S,A
Cellphones&Accessories:46:137:139,18,S,
Cellphones&Accessories:46:137:139,19,S,
Cellphones&Accessories:46:137:139,20,U,F+Q
Cellphones&Accessories:46:137:139,21,U,Q
Cellphones&Accessories:46:137:139,22,S,A
Cellphones&Accessories:46:137:139,23,U,F+Q
Cellphones&Accessories:46:137:139,24,U,
Cellphones&Accessories:46:137:139,25,U,F
Cellphones&Accessories:46:137:139,26,S,A
Cellphones&Accessories:46:137:139,27,U,Q
Cellphones&Accessories:46:137:139,28,U,Q
Cellphones&Accessories:46:137:139,29,U,F
Cellphones&Accessories:46:137:139,30,U,Q
Cellphones&Accessories:46:137:139,31,U,Q
Cellphones&Accessories:46:137:139,32,S,A
Cellphones&Accessories:46:137:139,33,U,Q
Cellphones&Accessories:46:137:139,34,U,Q
Cellphones&Accessories:46:137:139,35,S,R+A
Cellphones&Accessories:46:137:139,36,U,Q
Cellphones&Accessories:46:137:139,37,U,Q
Cellphones&Accessories:46:137:139,38,S,R+A
Cellphones&Accessories:46:137:139,39,U,Q
Cellphones&Accessories:46:137:139,40,U,Q
Cellphones&Accessories:46:137:139,41,U,Q
Cellphones&Accessories:46:137:139,42,U,Q
Cellphones&Accessories:46:82:81,1,S,R
Cellphones&Accessories:46:82:81,2,U,
Cellphones&Accessories:46:82:81,3,S,R
Cellphones&Accessories:46:82:81,4,U,F+Q
Cellphones&Accessories:46:82:81,5,S,A
Cellphones&Accessories:46:82:81,6,U,F+Q
Cellphones&Accessories:46:82:81,7,S,R
Cellphones&Accessories:46:82:81,8,S,A
Cellphones&Accessories:46:82:81,9,U,F
Cellphones&Accessories:46:82:81,10,S,R+A
Cellphones&Accessories:46:82:81,11,U,F
Cellphones&Accessories:46:82:81,12,S,R
Cellphones&Accessories:46:92:93,1,U,Q
Cellphones&Accessories:46:92:93,2,S,R
Cellphones&Accessories:46:92:93,3,U,Q
Cellphones&Accessories:46:92:93,4,S,R
Cellphones&Accessories:46:92:93,5,U,
Cellphones&Accessories:46:92:93,6,S,R+A
Cellphones&Accessories:46:92:93,7,U,
Cellphones&Accessories:46:92:93,8,S,
Cellphones&Accessories:46:92:93,9,S,R+A
Cellphones&Accessories:46:92:93,10,U,Q
Cellphones&Accessories:46:92:93,11,S,R
Cellphones&Accessories:46:92:93,12,U,F+Q
Cellphones&Accessories:46:92:93,13,S,A
Cellphones&Accessories:46:92:93,14,U,Q
Cellphones&Accessories:46:92:93,15,S,A
Cellphones&Accessories:46:92:93,16,S,R
Cellphones&Accessories:46:92:93,17,U,Q
Cellphones&Accessories:46:92:93,18,S,R
Cellphones&Accessories:49:109:119,1,S,R
Cellphones&Accessories:49:109:119,2,U,Q
Cellphones&Accessories:49:109:119,3,S,R
Cellphones&Accessories:49:109:119,4,U,Q
Cellphones&Accessories:49:109:119,5,S,R
Cellphones&Accessories:49:109:119,6,U,Q
Cellphones&Accessories:49:109:119,7,S,A
Cellphones&Accessories:49:109:119,8,U,F+Q
Cellphones&Accessories:49:109:119,9,U,F+Q
Cellphones&Accessories:49:109:119,10,U,F+Q
Cellphones&Accessories:49:109:119,11,S,R+A
Cellphones&Accessories:49:109:119,12,U,F+Q
Cellphones&Accessories:49:109:119,13,U,F+Q
Cellphones&Accessories:49:109:119,14,U,F+Q
Cellphones&Accessories:49:109:119,15,S,R+A
Cellphones&Accessories:49:109:119,16,U,Q
Cellphones&Accessories:49:109:119,17,U,Q
Cellphones&Accessories:49:109:119,18,S,A
Cellphones&Accessories:49:109:119,19,U,Q
Cellphones&Accessories:49:109:119,20,S,A
Cellphones&Accessories:49:109:119,21,U,F+Q
Cellphones&Accessories:49:109:119,22,S,A
Cellphones&Accessories:49:109:119,23,U,Q
Cellphones&Accessories:49:109:119,24,U,F+Q
Cellphones&Accessories:49:109:119,25,S,R
Cellphones&Accessories:49:109:119,26,U,Q
Cellphones&Accessories:49:109:119,27,S,A
Cellphones&Accessories:49:109:119,28,U,Q
Cellphones&Accessories:49:109:119,29,U,Q
Cellphones&Accessories:49:109:119,30,U,Q
Cellphones&Accessories:49:109:119,31,S,A
Cellphones&Accessories:49:109:119,32,S,A
Cellphones&Accessories:49:109:119,33,U,Q
Cellphones&Accessories:49:109:119,34,S,A
Cellphones&Accessories:49:109:119,35,U,F+Q
Cellphones&Accessories:49:109:119,36,U,Q
Cellphones&Accessories:49:109:119,37,S,A
Cellphones&Accessories:49:109:119,38,U,Q
Cellphones&Accessories:49:109:119,39,S,A
Cellphones&Accessories:49:109:119,40,U,F
Cellphones&Accessories:49:109:119,41,U,F+Q
Cellphones&Accessories:49:109:119,42,U,Q
Cellphones&Accessories:49:109:119,43,S,R
Cellphones&Accessories:49:109:119,44,U,Q
Cellphones&Accessories:49:109:119,45,S,A
Cellphones&Accessories:49:109:119,46,U,F+Q
Cellphones&Accessories:49:111:120,1,U,Q
Cellphones&Accessories:49:111:120,2,U,Q
Cellphones&Accessories:49:111:120,3,S,R
Cellphones&Accessories:49:111:120,4,U,Q
Cellphones&Accessories:49:111:120,5,U,Q
Cellphones&Accessories:49:111:120,6,U,Q
Cellphones&Accessories:49:111:120,7,S,R
Cellphones&Accessories:49:111:120,8,U,Q
Cellphones&Accessories:49:111:120,9,U,Q
Cellphones&Accessories:49:111:120,10,S,R+A
Cellphones&Accessories:49:111:120,11,S,A
Cellphones&Accessories:49:111:120,12,U,
Cellphones&Accessories:49:111:120,13,S,R+A
Cellphones&Accessories:49:111:120,14,U,Q
Cellphones&Accessories:49:111:120,15,U,Q
Cellphones&Accessories:49:111:120,16,S,A
Cellphones&Accessories:49:111:120,17,S,R+A
Cellphones&Accessories:49:111:120,18,U,F+Q
Cellphones&Accessories:49:111:120,19,U,Q
Cellphones&Accessories:49:111:120,20,S,R+A
Cellphones&Accessories:49:111:120,21,U,Q
Cellphones&Accessories:49:111:120,22,S,R+A
Cellphones&Accessories:49:111:120,23,U,F+Q
Cellphones&Accessories:49:111:120,24,S,R
Cellphones&Accessories:49:111:120,25,U,Q
Cellphones&Accessories:49:111:121,1,U,Q
Cellphones&Accessories:49:111:121,2,S,R
Cellphones&Accessories:49:111:121,3,U,Q
Cellphones&Accessories:49:111:121,4,S,R+A
Cellphones&Accessories:49:111:121,5,U,Q
Cellphones&Accessories:49:111:121,6,S,R
Cellphones&Accessories:49:111:121,7,U,Q
Cellphones&Accessories:49:111:121,8,S,R+A
Cellphones&Accessories:49:111:121,9,S,A
Cellphones&Accessories:49:111:121,10,S,A
Cellphones&Accessories:49:111:121,11,U,Q
Cellphones&Accessories:49:111:121,12,S,A
Cellphones&Accessories:49:111:121,13,S,A
Cellphones&Accessories:49:111:121,14,U,Q
Cellphones&Accessories:49:111:121,15,U,Q
Cellphones&Accessories:49:111:121,16,S,R+A
Cellphones&Accessories:49:111:121,17,S,R+A
Cellphones&Accessories:49:111:121,18,U,Q
Cellphones&Accessories:49:111:121,19,S,A
Cellphones&Accessories:49:111:121,20,U,Q
Cellphones&Accessories:49:111:121,21,S,R+A
Cellphones&Accessories:49:111:121,22,S,R
Cellphones&Accessories:49:111:121,23,U,
Cellphones&Accessories:49:111:121,24,S,R+A
Cellphones&Accessories:49:111:121,25,S,R+A
Cellphones&Accessories:49:111:121,26,U,F
Cellphones&Accessories:49:111:121,27,S,R
Cellphones&Accessories:49:111:121,28,U,Q
Cellphones&Accessories:49:111:121,29,U,Q
Cellphones&Accessories:49:111:121,30,S,A
Cellphones&Accessories:49:111:121,31,U,Q
Cellphones&Accessories:49:111:121,32,S,R
Cellphones&Accessories:49:111:121,33,U,Q
Cellphones&Accessories:49:112:121,1,U,Q
Cellphones&Accessories:49:112:121,2,S,R+A
Cellphones&Accessories:49:112:121,3,S,R
Cellphones&Accessories:49:112:121,4,S,R
Cellphones&Accessories:49:112:121,5,U,F+Q
Cellphones&Accessories:49:112:121,6,S,R+A
Cellphones&Accessories:49:112:121,7,S,R
Cellphones&Accessories:49:112:121,8,U,F+Q
Cellphones&Accessories:49:112:121,9,U,F+Q
Cellphones&Accessories:49:112:121,10,S,A
Cellphones&Accessories:49:112:121,11,U,F+Q
Cellphones&Accessories:49:112:121,12,S,A
Cellphones&Accessories:49:112:121,13,U,F+Q
Cellphones&Accessories:49:112:121,14,S,R+A
Cellphones&Accessories:49:112:121,15,U,F+Q
Cellphones&Accessories:49:112:121,16,S,A
Cellphones&Accessories:49:112:121,17,S,A
Cellphones&Accessories:49:112:121,18,S,A
Cellphones&Accessories:49:112:121,19,U,F+Q
Cellphones&Accessories:49:112:121,20,U,Q
Cellphones&Accessories:49:112:121,21,U,Q
Cellphones&Accessories:49:112:121,22,S,A
Cellphones&Accessories:49:112:121,23,S,A
Cellphones&Accessories:49:112:121,24,U,F+Q
Cellphones&Accessories:49:112:121,25,U,Q
Cellphones&Accessories:49:112:121,26,S,A
Cellphones&Accessories:49:112:121,27,S,A
Cellphones&Accessories:49:112:121,28,U,Q
Cellphones&Accessories:49:112:121,29,S,A
Cellphones&Accessories:49:112:121,30,U,F+Q
Cellphones&Accessories:49:112:121,31,S,R+A
Cellphones&Accessories:49:112:121,32,S,R+A
Cellphones&Accessories:49:112:121,33,U,F+Q
Cellphones&Accessories:49:112:121,34,S,R+A
Cellphones&Accessories:49:112:121,35,U,F+Q
Cellphones&Accessories:49:112:121,36,S,R+A
Cellphones&Accessories:49:129:127,1,U,F+Q
Cellphones&Accessories:49:129:127,2,S,R
Cellphones&Accessories:49:129:127,3,U,F+Q
Cellphones&Accessories:49:129:127,4,S,R+A
Cellphones&Accessories:49:129:127,5,S,A
Cellphones&Accessories:49:129:127,6,U,F+Q
Cellphones&Accessories:49:129:127,7,S,R+A
Cellphones&Accessories:49:129:127,8,U,Q
Cellphones&Accessories:49:129:127,9,U,F+Q
Cellphones&Accessories:49:129:127,10,S,A
Cellphones&Accessories:49:129:127,11,S,R+A
Cellphones&Accessories:49:129:127,12,S,A
Cellphones&Accessories:49:129:127,13,U,Q
Cellphones&Accessories:49:129:127,14,S,A
Cellphones&Accessories:49:129:127,15,U,Q
Cellphones&Accessories:49:129:127,16,S,A
Cellphones&Accessories:49:129:127,17,S,A
Cellphones&Accessories:49:129:127,18,U,F+Q
Cellphones&Accessories:49:129:127,19,S,R+A
Cellphones&Accessories:49:129:127,20,U,Q
Cellphones&Accessories:49:131:127,1,S,R
Cellphones&Accessories:49:131:127,2,U,Q
Cellphones&Accessories:49:131:127,3,S,R
Cellphones&Accessories:49:131:127,4,U,F+Q
Cellphones&Accessories:49:131:127,5,U,Q
Cellphones&Accessories:49:131:127,6,S,R+A
Cellphones&Accessories:49:131:127,7,S,R+A
Cellphones&Accessories:49:131:127,8,S,R+A
Cellphones&Accessories:49:131:127,9,S,A
Cellphones&Accessories:49:131:127,10,S,R+A
Cellphones&Accessories:49:131:127,11,S,A
Cellphones&Accessories:49:131:127,12,S,R+A
Cellphones&Accessories:49:131:127,13,U,Q
Cellphones&Accessories:49:131:127,14,S,R+A
Cellphones&Accessories:49:131:127,15,S,R+A
Cellphones&Accessories:49:131:127,16,S,R+A
Cellphones&Accessories:49:131:127,17,U,F+Q
Cellphones&Accessories:49:131:127,18,S,R
Cellphones&Accessories:49:131:127,19,U,Q
Cellphones&Accessories:49:131:127,20,S,R+A
Cellphones&Accessories:49:131:127,21,S,R+A
Cellphones&Accessories:49:131:127,22,S,R+A
Cellphones&Accessories:49:131:127,23,S,R+A
Cellphones&Accessories:49:131:127,24,S,R+A
Cellphones&Accessories:49:131:127,25,S,R+A
Cellphones&Accessories:49:131:127:2,1,S,R
Cellphones&Accessories:49:131:127:2,2,S,R
Cellphones&Accessories:49:131:127:2,3,U,Q
Cellphones&Accessories:49:131:127:2,4,U,Q
Cellphones&Accessories:49:131:127:2,5,U,Q
Cellphones&Accessories:49:131:127:2,6,S,R
Cellphones&Accessories:49:131:127:2,7,U,F+Q
Cellphones&Accessories:49:131:127:2,8,S,R
Cellphones&Accessories:49:131:127:2,9,S,R
Cellphones&Accessories:49:131:127:2,10,S,
Cellphones&Accessories:49:131:127:2,11,S,A
Cellphones&Accessories:49:131:127:2,12,S,A
Cellphones&Accessories:49:131:127:2,13,S,R
Cellphones&Accessories:49:131:127:2,14,U,F+Q
Cellphones&Accessories:49:131:127:2,15,U,Q
Cellphones&Accessories:49:131:127:2,16,S,R
Cellphones&Accessories:49:131:127:2,17,U,Q
Cellphones&Accessories:49:131:127:2,18,U,Q
Cellphones&Accessories:49:131:127:2,19,U,F+Q
Cellphones&Accessories:49:131:127:2,20,S,R
Cellphones&Accessories:49:131:127:2,21,S,R
Cellphones&Accessories:49:131:127:2,22,S,R+A
Cellphones&Accessories:49:131:127:2,23,S,A
Cellphones&Accessories:49:131:127:2,24,S,A
Cellphones&Accessories:49:131:127:2,25,U,F
Cellphones&Accessories:49:131:127:2,26,S,A
Cellphones&Accessories:49:131:127:2,27,U,F
Cellphones&Accessories:49:131:127:2,28,U,F+Q
Cellphones&Accessories:49:131:127:2,29,S,A
Cellphones&Accessories:49:131:127:2,30,S,R
Cellphones&Accessories:49:69:75,1,S,R
Cellphones&Accessories:49:69:75,2,U,F+Q
Cellphones&Accessories:49:69:75,3,U,Q
Cellphones&Accessories:49:69:75,4,U,F+Q
Cellphones&Accessories:49:69:75,5,U,F+Q
Cellphones&Accessories:49:69:75,6,S,R+A
Cellphones&Accessories:49:69:75,7,S,R
Cellphones&Accessories:49:69:75,8,U,F+Q
Cellphones&Accessories:49:69:75,9,S,R+A
Cellphones&Accessories:49:69:75,10,U,F
Cellphones&Accessories:49:69:75,11,U,Q
Cellphones&Accessories:49:69:75,12,U,Q
Cellphones&Accessories:49:69:75,13,U,Q
Cellphones&Accessories:49:69:75,14,S,A
Cellphones&Accessories:49:69:75,15,S,A
Cellphones&Accessories:49:69:75,16,U,F
Cellphones&Accessories:49:69:75,17,S,A
Cellphones&Accessories:49:69:75,18,U,Q
Cellphones&Accessories:49:69:75,19,U,Q
Cellphones&Accessories:49:69:75,20,S,R+A
Cellphones&Accessories:49:69:75,21,U,Q
Cellphones&Accessories:49:69:75,22,S,A
Cellphones&Accessories:49:69:75,23,S,R+A
Cellphones&Accessories:49:69:75,24,U,Q
Cellphones&Accessories:49:69:75,25,U,Q
Cellphones&Accessories:49:69:75,26,S,R+A
Cellphones&Accessories:49:69:75,27,U,F+Q
Cellphones&Accessories:49:69:75,28,U,Q
Cellphones&Accessories:49:69:75,29,U,F+Q
Cellphones&Accessories:49:69:75,30,U,Q
Cellphones&Accessories:49:69:75,31,S,A
Cellphones&Accessories:49:69:75,32,S,R+A
Cellphones&Accessories:49:69:75,33,U,Q
Cellphones&Accessories:49:69:75,34,U,Q
Cellphones&Accessories:49:69:75,35,S,A
Cellphones&Accessories:49:69:75,36,U,Q
Cellphones&Accessories:49:69:75,37,U,Q
Cellphones&Accessories:49:69:75,38,S,R+A
Cellphones&Accessories:49:69:75,39,U,Q
Cellphones&Accessories:49:69:75,40,S,R
Cellphones&Accessories:49:69:75,41,U,Q
Cellphones&Accessories:49:69:75,42,S,R+A
Cellphones&Accessories:49:69:75,43,U,Q
Cellphones&Accessories:49:69:75,44,U,Q
Officeproducts:45:109:142,1,U,Q
Officeproducts:45:109:142,2,U,Q
Officeproducts:45:109:142,3,S,R+A
Officeproducts:45:109:142,4,U,F+Q
Officeproducts:45:109:142,5,U,Q
Officeproducts:45:109:142,6,S,R
Officeproducts:45:109:142,7,S,R
Officeproducts:45:109:142,8,U,F+Q
Officeproducts:45:109:142,9,U,F+Q
Officeproducts:45:109:142,10,S,R+A
Officeproducts:45:109:142,11,U,Q
Officeproducts:45:109:142,12,S,A
Officeproducts:45:109:142,13,S,A
Officeproducts:45:109:142,14,U,F+Q
Officeproducts:45:109:142,15,S,A
Officeproducts:45:109:142,16,S,A
Officeproducts:45:109:142,17,S,R+A
Officeproducts:45:109:142,18,S,A
Officeproducts:45:109:142,19,S,R+A
Officeproducts:45:109:142,20,S,A
Officeproducts:45:109:142,21,S,R
Officeproducts:45:109:142,22,U,F+Q
Officeproducts:45:109:142,23,U,F+Q
Officeproducts:45:109:142,24,S,R
Officeproducts:45:109:142,25,U,Q
Officeproducts:45:109:142,26,S,A
Officeproducts:45:109:142,27,U,Q
Officeproducts:45:109:142,28,S,A
Officeproducts:45:109:142,29,S,R
Officeproducts:45:109:142,30,U,F+Q
Officeproducts:45:109:142,31,U,Q
Officeproducts:45:109:142,32,S,A
Officeproducts:45:109:142,33,U,F+Q
Officeproducts:45:112:119,1,U,Q
Officeproducts:45:112:119,2,S,R
Officeproducts:45:112:119,3,S,R
Officeproducts:45:112:119,4,U,Q
Officeproducts:45:112:119,5,U,Q
Officeproducts:45:112:119,6,S,R
Officeproducts:45:112:119,7,U,F+Q
Officeproducts:45:112:119,8,S,A
Officeproducts:45:112:119,9,S,A
Officeproducts:45:112:119,10,U,F+Q
Officeproducts:45:112:119,11,U,Q
Officeproducts:45:112:119,12,S,A
Officeproducts:45:112:119,13,S,R
Officeproducts:45:112:119,14,S,R+A
Officeproducts:45:112:119,15,U,Q
Officeproducts:45:112:119,16,U,Q
Officeproducts:45:112:119,17,S,A
Officeproducts:45:112:119,18,S,R+A
Officeproducts:45:112:119,19,U,Q
Officeproducts:45:112:119,20,U,F
Officeproducts:45:112:119,21,U,
Officeproducts:45:112:119,22,U,F
Officeproducts:45:112:119,23,U,F
Officeproducts:45:112:119,24,S,A
Officeproducts:45:112:119,25,S,A
Officeproducts:45:112:119,26,U,F
Officeproducts:45:112:119,27,U,Q
Officeproducts:45:112:119,28,U,F
Officeproducts:45:112:119,29,S,A
Officeproducts:45:112:119,30,S,A
Officeproducts:45:112:119,31,U,Q
Officeproducts:45:112:119,32,U,Q
Officeproducts:45:112:119,33,S,A
Officeproducts:45:112:119,34,U,F
Officeproducts:45:112:119,35,U,F+Q
Officeproducts:45:112:119,36,U,F+Q
Officeproducts:45:112:119,37,S,R
Officeproducts:45:112:120,1,U,Q
Officeproducts:45:112:120,2,U,Q
Officeproducts:45:112:120,3,S,R
Officeproducts:45:112:120,4,S,R
Officeproducts:45:112:120,5,U,
Officeproducts:45:112:120,6,S,
Officeproducts:45:112:120,7,U,
Officeproducts:45:112:120,8,U,F
Officeproducts:45:112:120,9,U,F+Q
Officeproducts:45:112:120,10,S,
Officeproducts:45:112:120,11,U,
Officeproducts:45:112:120,12,U,Q
Officeproducts:45:112:120,13,U,
Officeproducts:45:112:120,14,S,R+A
Officeproducts:45:112:120,15,U,
Officeproducts:45:112:120,16,S,R
Officeproducts:45:112:120,17,U,F+Q
Officeproducts:45:112:120,18,U,F
Officeproducts:45:112:120,19,S,R+A
Officeproducts:45:112:120,20,S,A
Officeproducts:45:112:120,21,U,F
Officeproducts:45:112:120,22,U,
Officeproducts:45:112:120,23,S,
Officeproducts:45:112:120,24,U,
Officeproducts:45:112:120,25,U,Q
Officeproducts:45:112:120,26,S,A
Officeproducts:45:112:120,27,U,F
Officeproducts:45:112:120,28,U,
Officeproducts:45:112:120,29,U,Q
Officeproducts:45:112:120,30,U,F+Q
Officeproducts:45:112:120,31,U,F+Q
Officeproducts:45:112:120,32,S,A
Officeproducts:45:112:120,33,U,F+Q
Officeproducts:45:112:120,34,U,Q
Officeproducts:45:112:120,35,U,Q
Officeproducts:45:112:120,36,S,A
Officeproducts:45:112:120,37,U,Q
Officeproducts:45:112:120,38,U,Q
Officeproducts:45:112:120,39,U,Q
Officeproducts:45:112:120,40,S,
Officeproducts:45:112:120,41,U,Q
Officeproducts:45:112:120,42,S,
Officeproducts:45:112:120,43,S,R
Officeproducts:45:112:120,44,U,Q
Officeproducts:45:112:120,45,S,R+A
Officeproducts:45:69:77,1,S,R
Officeproducts:45:69:77,2,U,Q
Officeproducts:45:69:77,3,S,R
Officeproducts:45:69:77,4,U,Q
Officeproducts:45:69:77,5,S,R+A
Officeproducts:45:69:77,6,U,Q
Officeproducts:45:69:77,7,S,R+A
Officeproducts:45:69:77,8,U,Q
Officeproducts:45:69:77,9,S,A
Officeproducts:45:69:77,10,S,R+A
Officeproducts:45:69:77,11,S,R
Officeproducts:45:69:77,12,U,F+Q
Officeproducts:45:69:77,13,S,R+A
Officeproducts:45:69:77,14,U,Q
Officeproducts:45:69:77,15,S,R
Officeproducts:46:109:57,1,S,R
Officeproducts:46:109:57,2,U,Q
Officeproducts:46:109:57,3,S,R
Officeproducts:46:109:57,4,U,Q
Officeproducts:46:109:57,5,S,R+A
Officeproducts:46:109:57,6,S,R
Officeproducts:46:109:57,7,U,F+Q
Officeproducts:46:109:57,8,S,R+A
Officeproducts:46:109:57,9,U,Q
Officeproducts:46:109:57,10,S,R+A
Officeproducts:46:109:57,11,S,R+A
Officeproducts:46:109:57,12,U,F+Q
Officeproducts:46:109:57,13,S,R
Officeproducts:46:109:57,14,S,R+A
Officeproducts:46:109:57,15,S,R
Officeproducts:46:109:57,16,U,Q
Officeproducts:46:109:57,17,S,R
Officeproducts:46:109:57,18,S,R+A
Officeproducts:46:109:57,19,U,F+Q
Officeproducts:46:109:57,20,S,R
Officeproducts:46:109:57,21,U,Q
Officeproducts:46:109:57,22,S,R+A
Officeproducts:46:109:57,23,U,Q
Officeproducts:46:112:117,1,U,Q
Officeproducts:46:112:117,2,S,R
Officeproducts:46:112:117,3,U,Q
Officeproducts:46:112:117,4,S,A
Officeproducts:46:112:117,5,U,Q
Officeproducts:46:112:117,6,U,Q
Officeproducts:46:112:117,7,S,R
Officeproducts:46:112:117,8,U,Q
Officeproducts:46:112:117,9,S,A
Officeproducts:46:112:117,10,U,Q
Officeproducts:46:112:117,11,S,A
Officeproducts:46:112:117,12,S,A
Officeproducts:46:112:117,13,U,Q
Officeproducts:46:112:117,14,U,F+Q
Officeproducts:46:112:117,15,U,Q
Officeproducts:46:112:117,16,U,Q
Officeproducts:46:112:117,17,U,Q
Officeproducts:46:112:117,18,S,R+A
Officeproducts:46:112:117,19,U,Q
Officeproducts:46:112:117,20,S,A
Officeproducts:46:112:117,21,U,Q
Officeproducts:46:112:117,22,S,A
Officeproducts:46:112:117,23,S,A
Officeproducts:46:112:117,24,S,A
Officeproducts:46:112:117,25,U,F+Q
Officeproducts:46:112:117,26,U,Q
Officeproducts:46:112:117,27,U,Q
Officeproducts:46:112:117,28,S,R
Officeproducts:46:112:117,29,U,Q
Officeproducts:46:112:117,30,U,F+Q
Officeproducts:46:112:117,31,U,
Officeproducts:46:112:117,32,S,R
Officeproducts:46:112:117,33,S,R
Officeproducts:46:112:117,34,S,R
Officeproducts:46:112:117,35,U,Q
Officeproducts:46:112:117,36,U,Q
Officeproducts:46:112:117,37,S,A
Officeproducts:46:112:117,38,S,R+A
Officeproducts:46:112:117,39,U,Q
Officeproducts:46:112:117,40,S,R
Officeproducts:46:112:117,41,U,Q
Officeproducts:46:112:117,42,S,A
Officeproducts:46:112:121,1,U,Q
Officeproducts:46:112:121,2,S,R
Officeproducts:46:112:121,3,S,R
Officeproducts:46:112:121,4,S,R
Officeproducts:46:112:121,5,U,Q
Officeproducts:46:112:121,6,S,R
Officeproducts:46:112:121,7,U,Q
Officeproducts:46:112:121,8,S,
Officeproducts:46:112:121,9,S,A
Officeproducts:46:112:121,10,U,
Officeproducts:46:112:121,11,S,R+A
Officeproducts:46:112:121,12,S,A
Officeproducts:46:112:121,13,U,Q
Officeproducts:46:112:121,14,S,A
Officeproducts:46:112:121,15,S,
Officeproducts:46:112:121,16,U,Q
Officeproducts:46:112:121,17,S,A
Officeproducts:46:112:121,18,U,
Officeproducts:46:112:121,19,S,A
Officeproducts:46:112:121,20,S,A
Officeproducts:46:112:121,21,U,F
Officeproducts:46:112:121,22,S,A
Officeproducts:46:112:121,23,U,Q
Officeproducts:46:128:127,1,S,R
Officeproducts:46:128:127,2,U,Q
Officeproducts:46:128:127,3,U,
Officeproducts:46:128:127,4,S,R
Officeproducts:46:128:127,5,U,Q
Officeproducts:46:128:127,6,S,R
Officeproducts:46:128:127,7,S,
Officeproducts:46:128:127,8,S,A
Officeproducts:46:128:127,9,S,
Officeproducts:46:128:127,10,S,A
Officeproducts:46:128:127,11,S,A
Officeproducts:46:128:127,12,S,R
Officeproducts:46:128:127,13,S,A
Officeproducts:46:128:127,14,S,A
Officeproducts:46:128:127,15,S,
Officeproducts:46:128:127,16,U,
Officeproducts:46:128:127,17,S,
Officeproducts:46:128:127,18,S,A
Officeproducts:46:128:127,19,U,Q
Officeproducts:46:128:127,20,S,
Officeproducts:46:128:127,21,U,
Officeproducts:46:128:127,22,S,R
Officeproducts:46:128:127,23,U,Q
Officeproducts:46:128:57,1,U,Q
Officeproducts:46:128:57,2,S,R
Officeproducts:46:128:57,3,S,R
Officeproducts:46:128:57,4,U,Q
Officeproducts:46:128:57,5,S,R+A
Officeproducts:46:128:57,6,U,Q
Officeproducts:46:128:57,7,U,
Officeproducts:46:128:57,8,S,A
Officeproducts:46:128:57,9,S,A
Officeproducts:46:128:57,10,U,Q
Officeproducts:46:128:57,11,S,A
Officeproducts:46:128:57,12,U,Q
Officeproducts:46:128:57,13,S,A
Officeproducts:46:128:57,14,S,
Officeproducts:46:128:57,15,U,Q
Officeproducts:46:128:57,16,S,A
Officeproducts:46:128:57,17,S,A
Officeproducts:46:128:57,18,S,A
Officeproducts:46:128:57,19,S,R+A
Officeproducts:46:128:57,20,S,R+A
Officeproducts:46:128:57,21,U,F+Q
Officeproducts:46:128:57,22,S,R
Officeproducts:46:128:57,23,U,Q
Officeproducts:46:128:57,24,S,R
Officeproducts:46:128:57,25,U,Q
Officeproducts:46:128:57,26,U,F+Q
Officeproducts:46:128:57,27,S,A
Officeproducts:46:128:57,28,U,Q
Officeproducts:46:128:57,29,S,R+A
Officeproducts:46:128:57,30,U,Q
Officeproducts:49:109:120,1,U,Q
Officeproducts:49:109:120,2,S,R
Officeproducts:49:109:120,3,U,Q
Officeproducts:49:109:120,4,U,F+Q
Officeproducts:49:109:120,5,U,F+Q
Officeproducts:49:109:120,6,S,R
Officeproducts:49:109:120,7,U,Q
Officeproducts:49:109:120,8,U,Q
Officeproducts:49:109:120,9,S,R
Officeproducts:49:109:120,10,U,Q
Officeproducts:49:109:120,11,U,Q
Officeproducts:49:109:120,12,S,R
Officeproducts:49:109:120,13,U,F+Q
Officeproducts:49:109:120,14,U,Q
Officeproducts:49:109:120:2,1,U,Q
Officeproducts:49:109:120:2,2,S,R
Officeproducts:49:109:120:2,3,U,Q
Officeproducts:49:109:120:2,4,U,F
Officeproducts:49:109:120:2,5,U,
Officeproducts:49:109:120:2,6,S,R+A
Officeproducts:49:109:120:2,7,S,R
Officeproducts:49:109:120:2,8,U,F
Officeproducts:49:109:120:2,9,U,Q
Officeproducts:49:109:120:2,10,U,Q
Officeproducts:49:109:120:2,11,S,A
Officeproducts:49:109:120:2,12,S,A
Officeproducts:49:109:120:2,13,U,F
Officeproducts:49:109:120:2,14,U,
Officeproducts:49:109:120:2,15,S,A
Officeproducts:49:109:120:2,16,U,
Officeproducts:49:109:120:2,17,S,A
Officeproducts:49:109:120:2,18,U,F
Officeproducts:49:109:120:2,19,U,
Officeproducts:49:109:120:2,20,S,A
Officeproducts:49:109:120:2,21,U,Q
Officeproducts:49:109:120:2,22,S,A
Officeproducts:49:109:120:2,23,U,Q
Officeproducts:49:109:120:2,24,U,F
Officeproducts:49:109:120:2,25,S,A
Officeproducts:49:109:120:2,26,U,
Officeproducts:49:109:120:2,27,S,
Officeproducts:49:109:120:2,28,U,F
Officeproducts:49:109:120:2,29,U,Q
Officeproducts:49:109:120:2,30,U,F
Officeproducts:49:109:120:2,31,S,R+A
Officeproducts:49:109:120:2,32,U,F
Officeproducts:49:109:120:2,33,U,Q
Officeproducts:49:109:120:2,34,U,
Officeproducts:49:128:140,1,S,R
Officeproducts:49:128:140,2,S,R+A
Officeproducts:49:128:140,3,U,Q
Officeproducts:49:128:140,4,S,R
Officeproducts:49:128:140,5,S,R+A
Officeproducts:49:128:140,6,U,Q
Officeproducts:49:128:140,7,S,R
Officeproducts:49:128:140,8,U,Q
Officeproducts:49:128:140,9,S,R
Officeproducts:49:128:140,10,U,F+Q
Officeproducts:49:128:140,11,S,R
Officeproducts:49:128:140,12,S,R+A
Officeproducts:49:128:140,13,S,R
Officeproducts:49:128:140,14,S,R+A
Officeproducts:49:128:140,15,S,R+A
Officeproducts:49:128:140,16,S,R+A
Officeproducts:49:128:140,17,U,Q
Officeproducts:49:128:140,18,S,R+A
Officeproducts:49:128:140,19,S,R+A
Officeproducts:49:128:140,20,S,R+A
Officeproducts:49:128:140,21,S,R
Officeproducts:49:128:140,22,S,R
Officeproducts:49:128:140,23,U,F
Officeproducts:49:128:140,24,S,R
Officeproducts:49:128:140,25,U,F
Officeproducts:49:128:140,26,S,R+A
Officeproducts:49:128:140,27,S,R
Officeproducts:49:69:108,1,S,R
Officeproducts:49:69:108,2,U,Q
Officeproducts:49:69:108,3,U,Q
Officeproducts:49:69:108,4,S,R
Officeproducts:49:69:108,5,U,Q
Officeproducts:49:69:108,6,U,F+Q
Officeproducts:49:69:108,7,S,R
Officeproducts:49:69:108,8,U,F+Q
Officeproducts:49:69:108,9,U,F+Q
Officeproducts:49:69:108,10,U,F
Officeproducts:49:69:108,11,U,F
Officeproducts:49:69:108,12,S,R
Officeproducts:49:69:108,13,U,
Officeproducts:49:69:108,14,U,F+Q
Officeproducts:49:69:108,15,S,R
Officeproducts:49:69:108,16,U,F
Officeproducts:49:69:108,17,U,F
Officeproducts:49:69:108,18,S,R+A
Officeproducts:49:69:108,19,U,F
Officeproducts:49:69:108,20,S,A
Officeproducts:49:69:108,21,U,
Officeproducts:49:69:108,22,U,
Officeproducts:49:69:108,23,S,A
Officeproducts:49:69:108,24,S,A
Officeproducts:49:69:108,25,U,
Officeproducts:49:69:108,26,U,F
Officeproducts:49:69:108,27,U,
Officeproducts:49:69:108,28,S,A
Officeproducts:49:69:108,29,S,A
Officeproducts:49:69:108,30,U,
Officeproducts:49:69:108,31,U,F
Officeproducts:49:69:108,32,S,A
Officeproducts:49:69:108,33,S,R
Officeproducts:49:69:108,34,U,Q
Officeproducts:49:69:108,35,S,A
Officeproducts:49:69:108,36,U,Q
Officeproducts:49:69:108,37,S,A
Officeproducts:49:69:108,38,U,Q
Officeproducts:49:69:108,39,S,R+A
Officeproducts:49:69:108,40,U,
Officeproducts:49:69:108,41,U,F+Q
Officeproducts:49:69:108,42,S,A
Officeproducts:49:69:108,43,U,Q
Officeproducts:49:69:108,44,U,Q
Officeproducts:49:69:108,45,S,R
Officeproducts:49:69:108,46,U,Q
Officeproducts:49:69:108,47,S,A
Officeproducts:49:69:108,48,U,F+Q
Officeproducts:49:69:108,49,S,R
Officeproducts:49:69:108,50,U,F+Q
Officeproducts:49:69:108,51,S,
Officeproducts:49:69:108,52,S,A
Officeproducts:49:69:108,53,U,Q
Officeproducts:49:69:108,54,S,A
Officeproducts:49:69:75,1,S,R
Officeproducts:49:69:75,2,U,Q
Officeproducts:49:69:75,3,S,R
Officeproducts:49:69:75,4,U,Q
Officeproducts:49:69:75,5,S,R
Officeproducts:49:69:75,6,S,R
Officeproducts:49:69:75,7,U,Q
Officeproducts:49:69:75,8,U,F
Officeproducts:49:69:75,9,U,Q
Officeproducts:49:69:75,10,U,Q
Officeproducts:49:69:75,11,S,R
Officeproducts:49:69:75,12,U,Q
Officeproducts:49:69:75,13,S,R
Officeproducts:49:69:75,14,U,Q
Officeproducts:49:69:75,15,U,Q
Officeproducts:49:69:75,16,S,R+A
Officeproducts:49:69:75,17,U,Q
Officeproducts:49:69:75,18,U,Q
Officeproducts:49:69:75,19,U,Q
Officeproducts:49:69:75,20,S,R+A
Officeproducts:49:69:75,21,U,Q
Officeproducts:49:69:75,22,S,A
Officeproducts:49:69:75,23,U,
Officeproducts:49:69:75,24,U,Q
Officeproducts:49:69:75,25,S,A
Officeproducts:49:69:75,26,U,Q
Officeproducts:49:69:75,27,U,Q
Officeproducts:49:69:75,28,S,A
Officeproducts:49:69:75,29,S,A
Officeproducts:49:69:75,30,U,Q
Officeproducts:49:69:75,31,U,Q
Officeproducts:49:69:75,32,S,R
Officeproducts:49:69:75,33,U,Q
Officeproducts:49:69:75,34,U,Q
Officeproducts:49:69:75,35,S,A
Officeproducts:49:69:75,36,U,Q
Officeproducts:49:69:75,37,S,R+A
Officeproducts:49:69:75,38,U,Q
Officeproducts:49:69:75,39,S,A
Officeproducts:49:69:75,40,U,Q
Officeproducts:49:69:75,41,S,R
Officeproducts:49:69:75,42,U,Q
Officeproducts:49:69:75,43,S,R+A
Officeproducts:49:69:75,44,U,Q
Officeproducts:49:69:75,45,U,Q
Officeproducts:49:69:75,46,S,A
Officeproducts:49:69:75,47,S,R
Officeproducts:49:69:75,48,U,Q
Officeproducts:49:69:75,49,S,A
Officeproducts:49:69:75,50,S,R
Officeproducts:49:69:75,51,U,Q
Officeproducts:49:69:75,52,S,
Officeproducts:49:69:75,53,S,R
Officeproducts:49:69:75,54,U,Q
Officeproducts:49:69:75,55,U,Q
Officeproducts:49:69:75,56,S,A
Officeproducts:49:69:75,57,S,A
Officeproducts:49:69:75,58,S,A
SportsandOutdoors:45:135:138,1,U,Q
SportsandOutdoors:45:135:138,2,S,R
SportsandOutdoors:45:135:138,3,U,Q
SportsandOutdoors:45:135:138,4,S,R+A
SportsandOutdoors:45:135:138,5,U,F+Q
SportsandOutdoors:45:135:138,6,U,Q
SportsandOutdoors:45:135:138,7,U,
SportsandOutdoors:45:135:138,8,S,A
SportsandOutdoors:45:135:138,9,S,A
SportsandOutdoors:45:135:138,10,U,Q
SportsandOutdoors:45:135:138,11,U,
SportsandOutdoors:45:135:138,12,U,F
SportsandOutdoors:45:135:138,13,S,A
SportsandOutdoors:45:135:138,14,U,Q
SportsandOutdoors:45:135:138,15,S,R
SportsandOutdoors:45:135:138,16,U,Q
SportsandOutdoors:45:135:138,17,S,A
SportsandOutdoors:45:135:138,18,U,Q
SportsandOutdoors:45:135:138,19,U,F
SportsandOutdoors:45:135:138,20,S,A
SportsandOutdoors:45:135:138,21,U,F+Q
SportsandOutdoors:45:135:138,22,S,A
SportsandOutdoors:45:135:138,23,S,
SportsandOutdoors:45:135:138,24,U,Q
SportsandOutdoors:45:135:138,25,U,
SportsandOutdoors:45:135:138,26,S,A
SportsandOutdoors:45:135:138,27,U,F+Q
SportsandOutdoors:45:135:138,28,S,R+A
SportsandOutdoors:46:111:120,1,U,Q
SportsandOutdoors:46:111:120,2,S,R
SportsandOutdoors:46:111:120,3,U,Q
SportsandOutdoors:46:111:120,4,U,Q
SportsandOutdoors:46:111:120,5,U,F+Q
SportsandOutdoors:46:111:120,6,S,R+A
SportsandOutdoors:46:111:120,7,U,F+Q
SportsandOutdoors:46:111:120,8,S,R+A
SportsandOutdoors:46:111:120,9,U,F+Q
SportsandOutdoors:46:111:120,10,U,F+Q
SportsandOutdoors:46:111:120,11,U,F+Q
SportsandOutdoors:46:111:120,12,S,A
SportsandOutdoors:46:111:120,13,S,A
SportsandOutdoors:46:111:120,14,U,F+Q
SportsandOutdoors:46:111:120,15,U,F+Q
SportsandOutdoors:46:111:120,16,S,R+A
SportsandOutdoors:46:111:120,17,U,F+Q
SportsandOutdoors:46:111:120,18,U,F+Q
SportsandOutdoors:46:111:120,19,S,A
SportsandOutdoors:46:111:120,20,U,F+Q
SportsandOutdoors:46:111:120,21,U,F+Q
SportsandOutdoors:46:111:120,22,U,F+Q
SportsandOutdoors:46:111:120,23,U,F+Q
SportsandOutdoors:46:111:120,24,S,A
SportsandOutdoors:46:111:120,25,S,R+A
SportsandOutdoors:46:111:120,26,S,A
SportsandOutdoors:46:111:120,27,S,A
SportsandOutdoors:46:111:120,28,U,F+Q
SportsandOutdoors:46:111:120,29,U,F+Q
SportsandOutdoors:46:111:120,30,U,F+Q
SportsandOutdoors:46:111:120,31,S,R+A
SportsandOutdoors:46:111:120,32,U,F+Q
SportsandOutdoors:46:111:120,33,U,F+Q
SportsandOutdoors:46:111:120,34,S,R+A
SportsandOutdoors:46:111:120,35,U,F+Q
SportsandOutdoors:46:111:120,36,U,F+Q
SportsandOutdoors:46:111:120,37,S,R+A
SportsandOutdoors:46:111:120,38,U,F+Q
SportsandOutdoors:46:111:120,39,U,Q
SportsandOutdoors:46:114:125,1,U,Q
SportsandOutdoors:46:114:125,2,S,R+A
SportsandOutdoors:46:114:125,3,S,R
SportsandOutdoors:46:114:125,4,S,R
SportsandOutdoors:46:114:125,5,U,F+Q
SportsandOutdoors:46:114:125,6,S,R
SportsandOutdoors:46:114:125,7,U,F+Q
SportsandOutdoors:46:114:125,8,S,R+A
SportsandOutdoors:46:114:125,9,U,Q
SportsandOutdoors:46:114:125,10,S,R+A
SportsandOutdoors:46:114:125,11,U,F+Q
SportsandOutdoors:46:114:125,12,S,R
SportsandOutdoors:46:114:125,13,S,R+A
SportsandOutdoors:46:114:125,14,S,R+A
SportsandOutdoors:46:114:125,15,U,F+Q
SportsandOutdoors:46:114:125,16,U,Q
SportsandOutdoors:46:114:125,17,U,Q
SportsandOutdoors:46:114:125,18,S,R
SportsandOutdoors:46:114:125,19,U,F+Q
SportsandOutdoors:46:114:125,20,S,R+A
SportsandOutdoors:46:114:125,21,S,R+A
SportsandOutdoors:46:114:125,22,U,F+Q
SportsandOutdoors:46:114:125,23,U,Q
SportsandOutdoors:46:114:125,24,S,R+A
SportsandOutdoors:46:114:125,25,U,F+Q
SportsandOutdoors:46:114:125,26,U,F+Q
SportsandOutdoors:46:114:125,27,U,Q
SportsandOutdoors:46:114:125,28,S,R+A
SportsandOutdoors:46:114:125,29,S,R+A
SportsandOutdoors:46:114:125,30,U,F+Q
SportsandOutdoors:46:114:125,31,S,R
SportsandOutdoors:46:114:125,32,U,F+Q
SportsandOutdoors:46:114:125,33,U,Q
SportsandOutdoors:46:114:125,34,S,R+A
SportsandOutdoors:46:114:125,35,S,R
SportsandOutdoors:46:114:125,36,U,F+Q
SportsandOutdoors:46:114:125,37,S,R+A
SportsandOutdoors:46:114:125,38,U,Q
SportsandOutdoors:46:114:125,39,U,F+Q
SportsandOutdoors:46:114:125,40,U,F
SportsandOutdoors:46:114:125,41,S,R+A
SportsandOutdoors:46:114:125,42,U,F+Q
SportsandOutdoors:46:114:125,43,U,Q
SportsandOutdoors:46:114:125,44,S,R+A
SportsandOutdoors:46:114:125,45,U,F+Q
SportsandOutdoors:46:114:125,46,U,F+Q
SportsandOutdoors:46:114:125,47,S,R
SportsandOutdoors:46:114:125,48,U,Q
SportsandOutdoors:46:114:125,49,U,Q
SportsandOutdoors:46:114:125,50,U,F+Q
SportsandOutdoors:46:114:125,51,S,R+A
SportsandOutdoors:46:114:125,52,U,F
SportsandOutdoors:46:114:125,53,S,R
SportsandOutdoors:46:114:125,54,U,Q
SportsandOutdoors:46:114:125,55,U,Q
SportsandOutdoors:46:114:125,56,S,R+A
SportsandOutdoors:46:114:125,57,U,Q
SportsandOutdoors:46:114:125,58,U,Q
SportsandOutdoors:46:114:125,59,U,Q
SportsandOutdoors:46:114:125,60,S,R+A
SportsandOutdoors:46:114:125,61,S,R+A
SportsandOutdoors:46:114:125,62,U,Q
SportsandOutdoors:46:114:125,63,S,R+A
SportsandOutdoors:46:114:125,64,U,F+Q
SportsandOutdoors:46:114:125,65,U,Q
SportsandOutdoors:46:114:125,66,S,R+A
SportsandOutdoors:46:114:125,67,U,F+Q
SportsandOutdoors:46:114:125,68,U,F+Q
SportsandOutdoors:46:114:125,69,U,F+Q
SportsandOutdoors:46:114:125,70,S,R+A
SportsandOutdoors:46:114:125,71,U,Q
SportsandOutdoors:46:114:125,72,S,R
SportsandOutdoors:46:114:125,73,U,F+Q
SportsandOutdoors:46:114:125,74,S,R
SportsandOutdoors:46:114:125,75,U,F+Q
SportsandOutdoors:46:114:125,76,U,Q
SportsandOutdoors:46:114:125,77,S,R
SportsandOutdoors:46:131:133,1,S,R
SportsandOutdoors:46:131:133,2,U,F+Q
SportsandOutdoors:46:131:133,3,S,R
SportsandOutdoors:46:131:133,4,S,R
SportsandOutdoors:46:131:133,5,U,F+Q
SportsandOutdoors:46:131:133,6,U,F+Q
SportsandOutdoors:46:131:133,7,S,R+A
SportsandOutdoors:46:131:133,8,U,Q
SportsandOutdoors:46:131:133,9,S,R+A
SportsandOutdoors:46:131:133,10,S,A
SportsandOutdoors:46:131:133,11,U,F+Q
SportsandOutdoors:46:131:133,12,S,A
SportsandOutdoors:46:131:133,13,S,A
SportsandOutdoors:46:131:133,14,S,R+A
SportsandOutdoors:46:131:133,15,U,F
SportsandOutdoors:46:131:133,16,U,Q
SportsandOutdoors:46:131:133,17,S,R+A
SportsandOutdoors:46:131:133,18,U,F+Q
SportsandOutdoors:46:131:133,19,S,A
SportsandOutdoors:46:131:133,20,S,A
SportsandOutdoors:46:131:133,21,S,R+A
SportsandOutdoors:46:131:133,22,U,F
SportsandOutdoors:46:131:133,23,U,Q
SportsandOutdoors:46:131:133,24,S,R+A
SportsandOutdoors:46:131:133,25,U,F+Q
SportsandOutdoors:46:131:133,26,S,A
SportsandOutdoors:46:131:133,27,S,A
SportsandOutdoors:46:131:133,28,U,Q
SportsandOutdoors:46:131:133,29,S,A
SportsandOutdoors:46:131:133,30,U,F+Q
SportsandOutdoors:46:131:133,31,S,R+A
SportsandOutdoors:46:131:133,32,S,A
SportsandOutdoors:46:131:133,33,S,A
SportsandOutdoors:46:131:133,34,U,F
SportsandOutdoors:46:131:133,35,S,A
SportsandOutdoors:46:131:133,36,S,R+A
SportsandOutdoors:46:131:133,37,U,Q
SportsandOutdoors:46:131:133,38,S,R+A
SportsandOutdoors:46:131:133,39,S,A
SportsandOutdoors:46:131:133,40,U,F+Q
SportsandOutdoors:46:131:133,41,S,A
SportsandOutdoors:46:131:133,42,U,F+Q
SportsandOutdoors:46:131:133,43,S,R+A
SportsandOutdoors:46:131:133,44,S,R+A
SportsandOutdoors:46:131:133,45,U,F
SportsandOutdoors:46:131:133,46,S,A
SportsandOutdoors:46:131:133,47,U,F+Q
SportsandOutdoors:46:131:133,48,S,A
SportsandOutdoors:46:131:133,49,S,A
SportsandOutdoors:46:131:133,50,U,Q
SportsandOutdoors:46:131:133,51,S,R
SportsandOutdoors:46:131:133,52,U,F+Q
SportsandOutdoors:46:131:133,53,U,Q
SportsandOutdoors:46:131:133,54,S,A
SportsandOutdoors:46:131:133,55,S,A
SportsandOutdoors:46:131:133,56,U,Q
SportsandOutdoors:46:131:133,57,U,Q
SportsandOutdoors:46:84:79,1,S,R
SportsandOutdoors:46:84:79,2,U,Q
SportsandOutdoors:46:84:79,3,S,R
SportsandOutdoors:46:84:79,4,U,Q
SportsandOutdoors:46:84:79,5,S,R
SportsandOutdoors:46:84:79,6,U,F+Q
SportsandOutdoors:46:84:79,7,U,Q
SportsandOutdoors:46:84:79,8,S,R
SportsandOutdoors:46:84:79,9,U,F+Q
SportsandOutdoors:46:84:79,10,S,R
SportsandOutdoors:46:84:79,11,U,Q
SportsandOutdoors:46:84:79,12,S,A
SportsandOutdoors:46:84:79,13,S,A
SportsandOutdoors:46:84:79,14,U,
SportsandOutdoors:46:84:79,15,U,Q
SportsandOutdoors:46:84:79,16,S,A
SportsandOutdoors:46:84:79,17,U,Q
SportsandOutdoors:46:84:79,18,S,R+A
SportsandOutdoors:46:84:79,19,U,Q
SportsandOutdoors:46:84:79,20,S,A
SportsandOutdoors:47:110:117,1,U,Q
SportsandOutdoors:47:110:117,2,S,R
SportsandOutdoors:47:110:117,3,S,
SportsandOutdoors:47:110:117,4,U,Q
SportsandOutdoors:47:110:117,5,S,R
SportsandOutdoors:47:110:117,6,U,Q
SportsandOutdoors:47:110:117,7,S,A
SportsandOutdoors:47:110:117,8,U,Q
SportsandOutdoors:47:110:117,9,U,F+Q
SportsandOutdoors:47:110:117,10,S,R
SportsandOutdoors:47:110:117,11,U,F
SportsandOutdoors:47:110:117,12,S,R+A
SportsandOutdoors:47:110:117,13,U,F
SportsandOutdoors:47:110:117,14,S,R
SportsandOutdoors:47:110:117,15,U,Q
SportsandOutdoors:47:110:117,16,S,A
SportsandOutdoors:47:110:117,17,S,
SportsandOutdoors:47:110:117,18,U,F
SportsandOutdoors:47:110:117,19,S,A
SportsandOutdoors:47:110:117,20,S,A
SportsandOutdoors:47:110:117,21,U,
SportsandOutdoors:47:110:117,22,S,A
SportsandOutdoors:47:110:117,23,S,A
SportsandOutdoors:47:110:117,24,S,A
SportsandOutdoors:47:110:117,25,S,A
SportsandOutdoors:47:110:117,26,U,Q
SportsandOutdoors:47:110:117,27,S,A
SportsandOutdoors:47:110:117,28,S,A
SportsandOutdoors:47:110:117,29,S,A
SportsandOutdoors:47:110:117,30,U,F+Q
SportsandOutdoors:47:110:117,31,S,R
SportsandOutdoors:47:110:117,32,U,F+Q
SportsandOutdoors:47:110:117,33,S,A
SportsandOutdoors:47:110:117,34,U,Q
SportsandOutdoors:47:110:117,35,S,A
SportsandOutdoors:47:110:117,36,U,Q
SportsandOutdoors:47:110:117,37,S,A
SportsandOutdoors:47:110:117,38,S,A
SportsandOutdoors:47:110:117,39,U,F
SportsandOutdoors:47:110:117,40,S,R
SportsandOutdoors:47:110:117,41,U,Q
SportsandOutdoors:47:110:117,42,U,F+Q
SportsandOutdoors:47:110:117,43,S,R
SportsandOutdoors:47:110:117,44,S,R
SportsandOutdoors:47:110:117,45,U,Q
SportsandOutdoors:47:111:118,1,U,Q
SportsandOutdoors:47:111:118,2,S,R
SportsandOutdoors:47:111:118,3,U,Q
SportsandOutdoors:47:111:118,4,U,F+Q
SportsandOutdoors:47:111:118,5,U,F+Q
SportsandOutdoors:47:111:118,6,S,R
SportsandOutdoors:47:111:118,7,U,F
SportsandOutdoors:47:111:118,8,U,Q
SportsandOutdoors:47:111:118,9,U,Q
SportsandOutdoors:47:111:118,10,S,A
SportsandOutdoors:47:111:118,11,S,A
SportsandOutdoors:47:111:118,12,U,F
SportsandOutdoors:47:111:118,13,U,F+Q
SportsandOutdoors:47:111:118,14,S,A
SportsandOutdoors:47:111:118,15,S,A
SportsandOutdoors:47:111:118,16,U,F
SportsandOutdoors:47:111:118,17,U,Q
SportsandOutdoors:47:111:118,18,S,A
SportsandOutdoors:47:111:118,19,U,Q
SportsandOutdoors:47:111:118,20,U,Q
SportsandOutdoors:47:111:118,21,S,A
SportsandOutdoors:47:111:118,22,U,F+Q
SportsandOutdoors:47:111:118,23,U,Q
SportsandOutdoors:47:111:118,24,S,R+A
SportsandOutdoors:47:111:118,25,U,F+Q
SportsandOutdoors:47:111:118,26,S,A
SportsandOutdoors:47:111:118,27,S,A
SportsandOutdoors:47:111:118,28,U,Q
SportsandOutdoors:47:111:118,29,S,A
SportsandOutdoors:47:111:118,30,U,Q
SportsandOutdoors:47:111:118,31,U,Q
SportsandOutdoors:47:111:118,32,S,A
SportsandOutdoors:47:111:118,33,U,Q
SportsandOutdoors:47:111:118,34,U,F+Q
SportsandOutdoors:47:111:118,35,U,Q
SportsandOutdoors:47:111:118,36,S,A
SportsandOutdoors:47:111:118,37,U,Q
SportsandOutdoors:47:111:118,38,U,F+Q
SportsandOutdoors:47:111:118,39,U,F+Q
SportsandOutdoors:47:111:118,40,S,R
SportsandOutdoors:47:111:119,1,U,Q
SportsandOutdoors:47:111:119,2,S,R
SportsandOutdoors:47:111:119,3,U,Q
SportsandOutdoors:47:111:119,4,S,R
SportsandOutdoors:47:111:119,5,U,Q
SportsandOutdoors:47:111:119,6,S,A
SportsandOutdoors:47:111:119,7,U,F+Q
SportsandOutdoors:47:111:119,8,S,R+A
SportsandOutdoors:47:111:119,9,S,A
SportsandOutdoors:47:111:119,10,U,F+Q
SportsandOutdoors:47:111:119,11,U,Q
SportsandOutdoors:47:111:119,12,S,R
SportsandOutdoors:47:111:119,13,S,A
SportsandOutdoors:47:111:119,14,U,F+Q
SportsandOutdoors:47:111:119,15,U,Q
SportsandOutdoors:47:111:119,16,U,
SportsandOutdoors:47:111:119,17,S,A
SportsandOutdoors:47:111:119,18,U,Q
SportsandOutdoors:47:111:119,19,U,Q
SportsandOutdoors:47:111:119,20,S,A
SportsandOutdoors:47:111:119,21,U,Q
SportsandOutdoors:47:111:119,22,U,Q
SportsandOutdoors:47:111:119,23,U,Q
SportsandOutdoors:47:111:119,24,S,A
SportsandOutdoors:47:111:119,25,U,Q
SportsandOutdoors:47:111:119,26,U,F+Q
SportsandOutdoors:47:111:119,27,U,F+Q
SportsandOutdoors:47:111:119,28,S,A
SportsandOutdoors:47:111:119,29,U,F+Q
SportsandOutdoors:47:111:119,30,U,Q
SportsandOutdoors:47:111:119,31,U,Q
SportsandOutdoors:47:111:119,32,S,A
SportsandOutdoors:47:111:119,33,U,Q
SportsandOutdoors:47:111:119,34,U,F+Q
SportsandOutdoors:47:111:119,35,S,R+A
SportsandOutdoors:47:111:119,36,U,F
SportsandOutdoors:47:111:119,37,U,F+Q
SportsandOutdoors:47:111:119,38,U,F+Q
SportsandOutdoors:47:111:119,39,S,A
SportsandOutdoors:47:111:119,40,U,Q
SportsandOutdoors:47:111:119,41,U,Q
SportsandOutdoors:47:111:119,42,U,Q
SportsandOutdoors:47:111:119,43,U,F+Q
SportsandOutdoors:47:111:119,44,S,R
SportsandOutdoors:47:111:119,45,U,Q
SportsandOutdoors:47:111:120,1,U,Q
SportsandOutdoors:47:111:120,2,S,R+A
SportsandOutdoors:47:111:120,3,U,Q
SportsandOutdoors:47:111:120,4,U,F
SportsandOutdoors:47:111:120,5,U,Q
SportsandOutdoors:47:111:120,6,S,R
SportsandOutdoors:47:111:120,7,U,Q
SportsandOutdoors:47:111:120,8,U,F+Q
SportsandOutdoors:47:111:120,9,U,F+Q
SportsandOutdoors:47:111:120,10,S,R
SportsandOutdoors:47:111:120,11,U,F+Q
SportsandOutdoors:47:111:120,12,S,A
SportsandOutdoors:47:111:120,13,S,A
SportsandOutdoors:47:111:120,14,U,Q
SportsandOutdoors:47:111:120,15,U,F+Q
SportsandOutdoors:47:111:120,16,S,R+A
SportsandOutdoors:47:111:120,17,S,A
SportsandOutdoors:47:111:120,18,U,F+Q
SportsandOutdoors:47:111:120,19,U,Q
SportsandOutdoors:47:111:120,20,S,R+A
SportsandOutdoors:47:111:120,21,U,Q
SportsandOutdoors:47:111:120,22,S,A
SportsandOutdoors:47:111:120,23,U,F+Q
SportsandOutdoors:47:111:120,24,U,
SportsandOutdoors:47:111:120,25,S,A
SportsandOutdoors:47:111:120,26,U,
SportsandOutdoors:47:111:120,27,S,A
SportsandOutdoors:47:111:120,28,U,F+Q
SportsandOutdoors:47:111:120,29,U,Q
SportsandOutdoors:47:111:120,30,S,A
SportsandOutdoors:47:111:120,31,U,F
SportsandOutdoors:48:103:101,1,S,R
SportsandOutdoors:48:103:101,2,U,Q
SportsandOutdoors:48:103:101,3,U,Q
SportsandOutdoors:48:103:101,4,U,F+Q
SportsandOutdoors:48:103:101,5,S,R+A
SportsandOutdoors:48:103:101,6,U,Q
SportsandOutdoors:48:103:101,7,S,A
SportsandOutdoors:48:103:101,8,U,
SportsandOutdoors:48:103:101,9,S,R+A
SportsandOutdoors:48:103:101,10,S,A
SportsandOutdoors:48:103:101,11,U,
SportsandOutdoors:48:103:101,12,S,A
SportsandOutdoors:48:103:101,13,U,Q
SportsandOutdoors:48:103:101,14,S,A
SportsandOutdoors:48:103:101,15,U,Q
SportsandOutdoors:48:103:101,16,S,A
SportsandOutdoors:48:103:101,17,U,Q
SportsandOutdoors:48:103:101,18,S,A
SportsandOutdoors:48:103:101,19,U,Q
SportsandOutdoors:48:103:101,20,U,Q
SportsandOutdoors:48:103:101,21,U,Q
SportsandOutdoors:48:103:101,22,S,A
SportsandOutdoors:48:103:101,23,U,F+Q
SportsandOutdoors:48:103:101,24,U,F+Q
SportsandOutdoors:48:110:117,1,U,Q
SportsandOutdoors:48:110:117,2,S,R
SportsandOutdoors:48:110:117,3,S,R
SportsandOutdoors:48:110:117,4,U,Q
SportsandOutdoors:48:110:117,5,S,R
SportsandOutdoors:48:110:117,6,S,R
SportsandOutdoors:48:110:117,7,U,F
SportsandOutdoors:48:110:117,8,U,F+Q
SportsandOutdoors:48:110:117,9,S,A
SportsandOutdoors:48:110:117,10,S,R+A
SportsandOutdoors:48:110:117,11,U,Q
SportsandOutdoors:48:110:117,12,U,F+Q
SportsandOutdoors:48:110:117,13,U,F
SportsandOutdoors:48:110:117,14,S,R
SportsandOutdoors:48:110:117,15,U,F
SportsandOutdoors:48:110:117,16,U,Q
SportsandOutdoors:48:110:117,17,S,
SportsandOutdoors:48:110:117,18,U,F+Q
SportsandOutdoors:48:110:117,19,S,A
SportsandOutdoors:48:110:117,20,S,A
SportsandOutdoors:48:110:117,21,U,F
SportsandOutdoors:48:110:117,22,U,Q
SportsandOutdoors:48:110:117,23,S,A
SportsandOutdoors:48:110:117,24,S,A
SportsandOutdoors:48:110:117,25,S,A
SportsandOutdoors:48:110:117,26,U,F+Q
SportsandOutdoors:48:110:117,27,U,Q
SportsandOutdoors:48:110:117,28,U,Q
SportsandOutdoors:48:110:117,29,S,A
SportsandOutdoors:48:110:117,30,U,F+Q
SportsandOutdoors:48:110:117,31,S,A
SportsandOutdoors:48:110:117,32,U,
SportsandOutdoors:48:110:117,33,S,R
SportsandOutdoors:48:110:117,34,U,F+Q
SportsandOutdoors:48:110:117,35,S,A
SportsandOutdoors:48:110:117,36,S,
SportsandOutdoors:48:110:117,37,S,A
SportsandOutdoors:48:110:117,38,U,F+Q
SportsandOutdoors:48:110:117,39,S,A
SportsandOutdoors:48:110:117,40,S,A
SportsandOutdoors:48:110:117,41,S,A
SportsandOutdoors:48:135:139,1,U,Q
SportsandOutdoors:48:135:139,2,U,F+Q
SportsandOutdoors:48:135:139,3,S,R
SportsandOutdoors:48:135:139,4,U,Q
SportsandOutdoors:48:135:139,5,S,R
SportsandOutdoors:48:135:139,6,U,Q
SportsandOutdoors:48:135:139,7,U,
SportsandOutdoors:48:135:139,8,U,Q
SportsandOutdoors:48:135:139,9,U,Q
SportsandOutdoors:48:135:139,10,S,A
SportsandOutdoors:48:135:139,11,S,A
SportsandOutdoors:48:135:139,12,U,Q
SportsandOutdoors:48:135:139,13,S,A
SportsandOutdoors:48:135:139,14,U,F
SportsandOutdoors:48:135:139,15,U,Q
SportsandOutdoors:48:135:139,16,S,A
SportsandOutdoors:48:135:139,17,S,A
SportsandOutdoors:48:135:139,18,U,Q
SportsandOutdoors:48:135:139,19,U,Q
SportsandOutdoors:48:135:139,20,U,Q
SportsandOutdoors:48:135:139,21,S,A
SportsandOutdoors:48:135:139,22,U,Q
SportsandOutdoors:48:135:139,23,S,A
SportsandOutdoors:48:135:139,24,U,Q
SportsandOutdoors:48:135:139,25,U,F+Q
SportsandOutdoors:48:135:139,26,U,F
SportsandOutdoors:48:135:139,27,S,A
SportsandOutdoors:48:135:139,28,U,Q
SportsandOutdoors:48:135:139,29,U,Q
SportsandOutdoors:48:135:139,30,U,Q
SportsandOutdoors:48:135:139,31,S,A
SportsandOutdoors:48:135:139,32,U,Q
SportsandOutdoors:48:135:139,33,U,Q
SportsandOutdoors:48:135:139,34,U,Q
SportsandOutdoors:48:135:139,35,U,Q
SportsandOutdoors:48:135:139,36,S,A
SportsandOutdoors:48:135:139,37,U,Q
SportsandOutdoors:48:135:139,38,U,Q
SportsandOutdoors:48:135:139,39,U,F+Q
SportsandOutdoors:48:135:139,40,U,Q
SportsandOutdoors:48:135:139,41,U,F
SportsandOutdoors:48:135:139,42,S,R
SportsandOutdoors:48:69:70,1,U,Q
SportsandOutdoors:48:69:70,2,S,R
SportsandOutdoors:48:69:70,3,U,F+Q
SportsandOutdoors:48:69:70,4,S,R
SportsandOutdoors:48:69:70,5,S,R
SportsandOutdoors:48:69:70,6,U,F+Q
SportsandOutdoors:48:69:70,7,S,R
SportsandOutdoors:48:69:70,8,U,Q
SportsandOutdoors:48:69:70,9,S,R+A
SportsandOutdoors:48:69:70,10,U,Q
SportsandOutdoors:48:69:70,11,S,R
SportsandOutdoors:48:69:70,12,S,R
SportsandOutdoors:48:69:70,13,U,Q
SportsandOutdoors:48:69:70,14,S,R+A
SportsandOutdoors:48:69:70,15,U,Q
SportsandOutdoors:48:69:70,16,S,R
SportsandOutdoors:48:69:70,17,U,Q
SportsandOutdoors:48:69:70,18,S,R+A
SportsandOutdoors:48:69:70,19,U,Q
SportsandOutdoors:48:69:70,20,S,R+A
SportsandOutdoors:48:69:70,21,U,Q
SportsandOutdoors:48:69:70,22,S,R
SportsandOutdoors:48:69:70,23,U,Q
SportsandOutdoors:48:69:70,24,S,R+A
SportsandOutdoors:48:69:70,25,S,A
SportsandOutdoors:48:69:70,26,U,Q
SportsandOutdoors:48:69:70,27,S,R+A
SportsandOutdoors:48:69:70,28,U,Q
SportsandOutdoors:48:69:70,29,U,Q
SportsandOutdoors:48:69:70,30,U,Q
SportsandOutdoors:49:109:130,1,S,R
SportsandOutdoors:49:109:130,2,U,Q
SportsandOutdoors:49:109:130,3,S,A
SportsandOutdoors:49:109:130,4,S,R
SportsandOutdoors:49:109:130,5,U,Q
SportsandOutdoors:49:109:130,6,S,R
SportsandOutdoors:49:109:130,7,S,A
SportsandOutdoors:49:109:130,8,S,R
SportsandOutdoors:49:109:130,9,U,Q
SportsandOutdoors:49:109:130,10,S,R
SportsandOutdoors:49:109:130,11,S,A
SportsandOutdoors:49:109:130,12,S,A
SportsandOutdoors:49:109:130,13,U,
SportsandOutdoors:49:109:130,14,S,A
SportsandOutdoors:49:109:130,15,U,Q
SportsandOutdoors:49:109:130,16,U,F+Q
SportsandOutdoors:49:110:117,1,U,Q
SportsandOutdoors:49:110:117,2,S,R
SportsandOutdoors:49:110:117,3,S,R
SportsandOutdoors:49:110:117,4,U,Q
SportsandOutdoors:49:110:117,5,S,R+A
SportsandOutdoors:49:110:117,6,U,F+Q
SportsandOutdoors:49:110:117,7,S,A
SportsandOutdoors:49:110:117,8,U,Q
SportsandOutdoors:49:110:117,9,S,A
SportsandOutdoors:49:110:117,10,U,Q
SportsandOutdoors:49:110:117,11,S,A
SportsandOutdoors:49:110:117,12,U,F+Q
SportsandOutdoors:49:110:117,13,S,R
SportsandOutdoors:49:110:117,14,S,R+A
SportsandOutdoors:49:110:117,15,S,R
SportsandOutdoors:49:110:117,16,U,Q
SportsandOutdoors:49:110:117,17,S,A
SportsandOutdoors:49:110:117,18,S,A
SportsandOutdoors:49:110:117,19,S,A
SportsandOutdoors:49:110:117,20,U,F
SportsandOutdoors:49:110:117,21,S,A
SportsandOutdoors:49:110:117,22,U,Q
SportsandOutdoors:49:110:117,23,S,A
SportsandOutdoors:49:110:117,24,S,A
SportsandOutdoors:49:110:117,25,S,R
SportsandOutdoors:49:110:117,26,U,Q
SportsandOutdoors:49:110:117,27,S,R+A
SportsandOutdoors:49:110:117,28,U,Q
SportsandOutdoors:49:110:117,29,U,Q
SportsandOutdoors:49:110:117,30,S,A
SportsandOutdoors:49:110:117,31,S,A
SportsandOutdoors:49:110:117,32,U,Q
SportsandOutdoors:49:110:117,33,S,A
SportsandOutdoors:49:110:117,34,U,Q
SportsandOutdoors:49:110:117,35,S,A
SportsandOutdoors:49:110:117,36,S,A
SportsandOutdoors:49:110:117,37,U,F+Q
SportsandOutdoors:49:110:117,38,S,A
SportsandOutdoors:49:110:117,39,U,
SportsandOutdoors:49:110:117,40,S,R+A
SportsandOutdoors:49:110:117,41,U,
SportsandOutdoors:49:110:117,42,S,A
SportsandOutdoors:49:110:117,43,S,A
SportsandOutdoors:49:110:117,44,S,R
SportsandOutdoors:49:110:117,45,U,F+Q
SportsandOutdoors:49:110:117,46,S,R
SportsandOutdoors:49:110:117,47,S,R
SportsandOutdoors:49:110:117,48,S,R
SportsandOutdoors:49:110:117,49,U,
SportsandOutdoors:49:110:117,50,S,A
SportsandOutdoors:49:110:117,51,S,A
SportsandOutdoors:49:110:117,52,U,F+Q
SportsandOutdoors:49:110:117,53,S,R
SportsandOutdoors:49:110:117,54,U,Q
SportsandOutdoors:49:110:117,55,S,R
SportsandOutdoors:49:114:125,1,S,R
SportsandOutdoors:49:114:125,2,U,Q
SportsandOutdoors:49:114:125,3,S,R
SportsandOutdoors:49:114:125,4,U,Q
SportsandOutdoors:49:114:125,5,U,Q
SportsandOutdoors:49:114:125,6,U,Q
SportsandOutdoors:49:114:125,7,S,R
SportsandOutdoors:49:114:125,8,U,Q
SportsandOutdoors:49:114:125,9,U,Q
SportsandOutdoors:49:114:125,10,U,Q
SportsandOutdoors:49:114:125,11,U,Q
SportsandOutdoors:49:114:125,12,S,A
SportsandOutdoors:49:114:125,13,U,F
SportsandOutdoors:49:114:125,14,U,Q
SportsandOutdoors:49:114:125,15,S,R+A
SportsandOutdoors:49:114:125,16,S,A
SportsandOutdoors:49:114:125,17,U,Q
SportsandOutdoors:49:114:125,18,U,F
SportsandOutdoors:49:114:125,19,U,Q
SportsandOutdoors:49:114:125,20,S,A
SportsandOutdoors:49:114:125,21,S,A
SportsandOutdoors:49:114:125,22,U,Q
SportsandOutdoors:49:114:125,23,U,
SportsandOutdoors:49:114:125,24,S,A
SportsandOutdoors:49:114:125,25,U,F+Q
SportsandOutdoors:49:114:125,26,S,A
SportsandOutdoors:49:114:125,27,U,Q
SportsandOutdoors:49:114:125,28,U,
SportsandOutdoors:49:114:125,29,S,A
SportsandOutdoors:49:114:125,30,U,F
SportsandOutdoors:49:114:125,31,U,Q
SportsandOutdoors:49:114:125,32,S,A
SportsandOutdoors:49:114:125,33,U,Q
SportsandOutdoors:49:114:125,34,S,A
SportsandOutdoors:49:114:125,35,U,Q
SportsandOutdoors:49:114:125,36,U,Q
SportsandOutdoors:49:114:125,37,U,Q
SportsandOutdoors:49:114:125,38,U,Q
SportsandOutdoors:49:114:125,39,S,A
SportsandOutdoors:49:114:125,40,S,A
SportsandOutdoors:49:114:125,41,U,Q
SportsandOutdoors:49:114:125,42,S,A
SportsandOutdoors:49:114:125,43,U,Q
SportsandOutdoors:49:114:125,44,U,Q
SportsandOutdoors:49:114:125,45,S,A
SportsandOutdoors:49:114:125,46,U,F
SportsandOutdoors:49:114:125,47,U,F
SportsandOutdoors:49:114:125,48,S,R
SportsandOutdoors:49:114:125,49,U,Q
SportsandOutdoors:49:114:125,50,U,F+Q
SportsandOutdoors:49:114:125,51,S,R+A
SportsandOutdoors:49:114:125,52,U,Q
SportsandOutdoors:49:114:125,53,U,Q
SportsandOutdoors:49:114:125,54,S,R
SportsandOutdoors:49:114:125,55,S,A
SportsandOutdoors:49:114:125,56,U,Q
SportsandOutdoors:49:114:125,57,S,A
SportsandOutdoors:49:114:125,58,U,Q
SportsandOutdoors:49:114:125,59,U,F
SportsandOutdoors:49:114:125,60,U,Q
SportsandOutdoors:49:114:125,61,U,Q
SportsandOutdoors:49:114:125,62,S,A
SportsandOutdoors:49:114:125,63,U,F
SportsandOutdoors:49:114:125,64,S,R
SportsandOutdoors:49:114:125,65,U,Q
SportsandOutdoors:49:114:125,66,U,
SportsandOutdoors:49:114:125,67,S,A
SportsandOutdoors:49:114:125,68,U,Q
SportsandOutdoors:49:114:125,69,S,A
SportsandOutdoors:49:114:125,70,U,Q
SportsandOutdoors:49:114:125,71,U,F
SportsandOutdoors:49:114:125,72,U,F+Q
SportsandOutdoors:49:114:125,73,U,Q
SportsandOutdoors:49:114:125,74,S,A
SportsandOutdoors:49:114:125,75,U,Q
SportsandOutdoors:49:114:125,76,U,Q
SportsandOutdoors:49:114:125,77,S,A
SportsandOutdoors:49:114:125,78,S,R
SportsandOutdoors:49:114:125,79,U,F+Q
SportsandOutdoors:49:41:40,1,S,R
SportsandOutdoors:49:41:40,2,S,R
SportsandOutdoors:49:41:40,3,U,Q
SportsandOutdoors:49:41:40,4,S,R
SportsandOutdoors:49:41:40,5,U,Q
SportsandOutdoors:49:41:40,6,S,A
SportsandOutdoors:49:41:40,7,U,Q
SportsandOutdoors:49:41:40,8,S,A
SportsandOutdoors:49:41:40,8,U,Q
SportsandOutdoors:49:41:40,9,U,F+Q
SportsandOutdoors:49:41:40,10,S,
SportsandOutdoors:49:41:40,11,S,R
SportsandOutdoors:49:41:40,12,S,R+A
SportsandOutdoors:49:41:40,13,U,Q
SportsandOutdoors:49:41:40,14,S,A
SportsandOutdoors:49:41:40,15,U,Q
SportsandOutdoors:49:41:40,16,S,A
SportsandOutdoors:49:41:40,17,U,Q
SportsandOutdoors:49:41:40,18,S,
SportsandOutdoors:49:41:40,19,S,R
SportsandOutdoors:49:41:40,20,U,Q
SportsandOutdoors:49:41:40,21,S,
SportsandOutdoors:49:41:40,22,U,Q
SportsandOutdoors:49:41:40,23,S,A
SportsandOutdoors:49:41:40,24,U,Q
SportsandOutdoors:49:41:40,25,S,A
SportsandOutdoors:49:41:40,26,U,F+Q
SportsandOutdoors:49:41:40,27,S,A
